countryId,year,competitions,fastest_seconds,fastest_person
Albania,2018,1,8.3,Ron van Bruchem
Albania,2019,1,7.45,Reto Bubendorf
Albania,2019,1,7.45,Reto Bubendorf
Albania,2019,1,7.45,Reto Bubendorf
Albania,2022,1,6.2,Ron van Bruchem
Algeria,2016,2,8.81,Ron van Bruchem
Algeria,2017,2,8.54,Yacine Habbi
Algeria,2018,1,6.73,Meryame Arezki
Algeria,2019,2,6.74,Abdelghani Nadji
Algeria,2022,1,9.55,Mouhamed Islem Boukri
Algeria,2023,1,12.07,Mahmoud Ibrahim
Algeria,2025,1,15.36,Slimane Siroukane
Andorra,2014,1,8.92,Pedro Luis Mu�oz Ya�ez
Andorra,2016,1,6.86,Pedro Luis Mu�oz Ya�ez
Andorra,2017,1,8.09,Alan Chang
Andorra,2018,1,6.47,Pedro Luis Mu�oz Ya�ez
Andorra,2019,1,6.52,Marcos Ameijeiras Moreno
Andorra,2021,1,7.63,Marcos Ameijeiras Moreno
Andorra,2024,1,7.36,Ron van Bruchem
Andorra,2025,1,NULL,NULL
Angola,2023,1,8.22,Marlon de V. Marques
Angola,2024,3,8.25,Marlon de V. Marques
Angola,2025,3,8.51,Omer Yusuf Gonen
Argentina,2011,3,10.58,Angelo Mauricio Adasme Alfaro
Argentina,2012,1,11.91,Claudio Gonzalez
Argentina,2013,3,8.91,Claudio Gonzalez
Argentina,2014,1,9.45,Claudio Gonzalez
Argentina,2015,5,8.83,Lucas Santiago Bernhardt Caruncho
Argentina,2015,5,8.83,Lucas Santiago Bernhardt Caruncho
Argentina,2016,4,7.68,Carlos Pedro Casado de Ach�val
Argentina,2016,4,7.68,Carlos Pedro Casado de Ach�val
Argentina,2017,8,7.14,Claudio Gonzalez
Argentina,2018,9,5.77,Claudio Gonzalez
Argentina,2019,7,5.5,Ting Sheng Bao Yang
Argentina,2020,2,5.83,Claudio Gonzalez
Argentina,2021,2,6.18,Julian Schaffhauser
Argentina,2022,10,5.37,Julian Schaffhauser
Argentina,2023,15,4.72,Rami Sbahi
Argentina,2024,21,4.49,Heron Sato
Argentina,2025,20,4.78,Julian Schaffhauser
Armenia,2018,1,8.69,Reto Bubendorf
Armenia,2018,1,8.69,Reto Bubendorf
Armenia,2018,1,8.69,Reto Bubendorf
Armenia,2021,1,5.45,Ron van Bruchem
Armenia,2023,4,6.15,Bruno Vervoort
Armenia,2024,5,7.41,Eduard Betanyan
Australia,2010,4,6.77,Arnaud van Galen
Australia,2011,7,5.66,Anders Larsson
Australia,2012,6,6.11,Edouard Chambon
Australia,2013,6,5.84,Dene Beardsley
Australia,2014,11,5.66,Joey Gouly
Australia,2015,13,5.61,Joshua Shing Shun Li
Australia,2016,15,4.73,Erik Akkersdijk
Australia,2017,12,4.75,Joshua Shing Shun Li
Australia,2018,15,4.22,Joey Gouly
Australia,2019,34,4.51,Ron van Bruchem
Australia,2020,14,5.08,Feliks Zemdegs
Australia,2021,33,4.65,Ting Sheng Bao Yang
Australia,2022,66,4.29,Jasmine Lee
Australia,2023,91,3.88,Ting Sheng Bao Yang
Australia,2024,98,3.67,Joey Gouly
Australia,2025,69,4.22,Ting Sheng Bao Yang
Austria,2010,1,8.46,Oliv�r Nagy
Austria,2011,1,9.38,Oliv�r Nagy
Austria,2012,2,8.53,Ron van Bruchem
Austria,2013,3,7.83,Oliv�r Nagy
Austria,2014,2,7.25,Anders Larsson
Austria,2016,2,6.49,Erik Akkersdijk
Austria,2017,1,7.42,Oliv�r Perge
Austria,2019,4,5.65,Markus Pirzer
Austria,2020,1,6.36,David Gugl
Austria,2022,1,5.65,Bence Bar�t
Austria,2023,6,5.52,G�bor Szab�
Austria,2024,6,4.81,D�niel Varga
Austria,2025,4,5.14,Matteo Provasi
Azerbaijan,2015,1,13.48,?skender Aznavur
Azerbaijan,2016,1,11.18,Ron van Bruchem
Azerbaijan,2017,1,9.64,Hikm?t M�rs?lzad?
Azerbaijan,2018,12,7.48,Reto Bubendorf
Azerbaijan,2018,12,7.48,Reto Bubendorf
Azerbaijan,2018,12,7.48,Reto Bubendorf
Azerbaijan,2019,13,7.63,Mahir Israfilov
Azerbaijan,2020,1,7.85,Javid Nabizade
Azerbaijan,2022,8,7.61,Niko Ronkainen
Azerbaijan,2023,3,6.15,Maxim Chechnev
Azerbaijan,2024,4,8.04,Vincenzo Maria Gammino
Azerbaijan,2025,2,NULL,NULL
Bahrain,2017,1,8.43,Francisco Hamlin
Bahrain,2018,1,9.83,Lester Santos
Bahrain,2019,2,8.09,Pulkit Mehra
Bahrain,2021,1,7.65,Rashid Alhajri
Bahrain,2022,1,8.14,Mohammed Jalal Alnajjar
Bahrain,2023,1,7.3,Mohammad Almoumen
Bahrain,2024,2,7.15,Rashid Alhajri
Bahrain,2025,1,6.21,Rashid Alhajri
Bangladesh,2017,1,7.44,Akash Rupela
Bangladesh,2018,2,5.63,Akash Rupela
Bangladesh,2019,3,5.83,Akash Rupela
Bangladesh,2022,1,6.11,Masnoon Haider Adam
Bangladesh,2023,4,6.03,Farrah Abdallah
Bangladesh,2024,4,5.23,Vincenzo Maria Gammino
Bangladesh,2025,7,5.39,Shreyas Mishra
Barbados,2025,1,7.82,Javier Gonzalez-Napoleoni
Belarus,2013,1,8.68,Anatoly Kim
Belarus,2014,6,6.84,Anatoly Kim
Belarus,2015,8,7.16,Anatoly Kim
Belarus,2016,5,6.82,Micha? Halczuk
Belarus,2017,5,7.47,Anatoly Kim
Belarus,2018,5,7.25,Grzegorz ?uczyna
Belarus,2019,10,5.51,Mats Valk
Belarus,2020,1,6.46,Dzmitry Melesh
Belgium,2010,1,8.84,Ron van Bruchem
Belgium,2011,2,8.03,Ron van Bruchem
Belgium,2012,4,6.44,Ron van Bruchem
Belgium,2013,4,5.55,Ron van Bruchem
Belgium,2014,6,7.08,Ton Dennenbroek
Belgium,2015,6,6.25,Ton Dennenbroek
Belgium,2016,3,7.56,Ton Dennenbroek
Belgium,2017,3,5.72,Ton Dennenbroek
Belgium,2018,7,5.19,Ton Dennenbroek
Belgium,2019,5,5.41,Ton Dennenbroek
Belgium,2020,1,5.46,Ton Dennenbroek
Belgium,2021,1,5.22,Christophe Woittequand
Belgium,2022,8,4.38,Ton Dennenbroek
Belgium,2023,13,4.76,Ton Dennenbroek
Belgium,2024,16,5.01,Ton Dennenbroek
Belgium,2025,14,4.58,Ton Dennenbroek
Belize,2023,2,7.45,Anthony Brooks
Belize,2023,2,7.45,Anthony Brooks
Belize,2025,1,7.5,Mason Langenderfer
Bolivia,2015,4,8.44,Eduardo Guti�rrez Cuba
Bolivia,2016,8,6.93,Eduardo Guti�rrez Cuba
Bolivia,2017,12,6.01,Jeremy Fleischman
Bolivia,2018,15,6.52,Xavier Antonio Balderrama
Bolivia,2019,21,6.02,Ting Sheng Bao Yang
Bolivia,2020,1,6.04,Diego Iglesias Godoy
Bolivia,2021,2,6.22,Daniel Delgado Candia
Bolivia,2022,15,5.88,Eddy Deturche
Bolivia,2023,21,6.24,Xavier Antonio Balderrama
Bolivia,2024,24,6.44,Daniel Baldiviezo
Bolivia,2025,27,6.37,Diego Alejandro Casas Jimenez
Bosnia and Herzegovina,2012,1,6.93,Mil�n Baticz
Bosnia and Herzegovina,2016,1,8.24,Oliv�r Perge
Bosnia and Herzegovina,2017,1,8.85,Oliv�r Perge
Bosnia and Herzegovina,2018,1,8,Jernej Omulec
Bosnia and Herzegovina,2019,2,7.77,Jernej Omulec
Bosnia and Herzegovina,2022,2,5.9,Jernej Omulec
Bosnia and Herzegovina,2023,2,7.06,Ron van Bruchem
Bosnia and Herzegovina,2024,3,5.78,Matic Omulec
Bosnia and Herzegovina,2025,1,6.28,Marko Vukadinovi?
Brazil,2010,4,7.78,Carlos de Alc�ntara
Brazil,2011,4,8.61,Carlos de Alc�ntara
Brazil,2012,12,7.91,Carlos de Alc�ntara
Brazil,2013,14,7.16,Carlos de Alc�ntara
Brazil,2014,18,7.25,Carlos de Alc�ntara
Brazil,2015,27,5.39,Ron van Bruchem
Brazil,2016,35,7.35,Carlos de Alc�ntara
Brazil,2017,44,6.72,Renan Mondini Cerpe
Brazil,2018,52,5.58,Rafael Werneck Cinoto
Brazil,2018,52,5.58,Rafael de Andrade Cinoto
Brazil,2019,61,5.95,Rafael Werneck Cinoto
Brazil,2019,61,5.95,Rafael de Andrade Cinoto
Brazil,2020,9,7.19,Rafael Werneck Cinoto
Brazil,2020,9,7.19,Rafael de Andrade Cinoto
Brazil,2021,1,8.78,Edvan Pontes de Oliveira
Brazil,2022,32,4.37,Rafael Werneck Cinoto
Brazil,2022,32,4.37,Rafael de Andrade Cinoto
Brazil,2023,74,4.37,Rafael Werneck Cinoto
Brazil,2023,74,4.37,Rafael de Andrade Cinoto
Brazil,2024,123,4.51,Rafael Werneck Cinoto
Brazil,2024,123,4.51,Rafael de Andrade Cinoto
Brazil,2025,99,4.58,Rafael Werneck Cinoto
Brazil,2025,99,4.58,Rafael de Andrade Cinoto
Bulgaria,2018,3,7.37,Ron van Bruchem
Bulgaria,2019,4,6.7,Sanio Kasumovic
Bulgaria,2022,2,6.4,Aleksandar Angelov
Bulgaria,2023,3,6.9,Aleksandar Angelov
Bulgaria,2024,11,5.41,Niko Ronkainen
Bulgaria,2025,3,6.71,Matteo Provasi
Cambodia,2019,1,5.51,John Paul Custodio
Cambodia,2023,1,NULL,NULL
Cambodia,2024,1,7.12,Ron van Bruchem
Canada,2010,6,7.06,Cl�ment Gallet
Canada,2011,11,7.83,Stefan Pochmann
Canada,2012,6,7.28,Craig Bouchard
Canada,2013,8,6.66,Bob Burton
Canada,2014,13,6.5,Alan Chang
Canada,2015,12,5.72,Dave Campbell
Canada,2016,12,6.03,Craig Bouchard
Canada,2017,19,5.29,Craig Bouchard
Canada,2018,29,4.76,Craig Bouchard
Canada,2019,40,5.08,Craig Bouchard
Canada,2020,7,5.62,Sarah Strong
Canada,2021,6,4.76,Kevin Matthews
Canada,2022,32,4.03,Jasmine Lee
Canada,2023,80,4.14,Jim Mertens
Canada,2024,80,4.35,Rhodri Mativo
Canada,2025,71,4.13,Emile Compion
Chile,2010,7,10.97,Juan Burgue�o Alcalde
Chile,2011,6,9.5,Angelo Mauricio Adasme Alfaro
Chile,2012,5,9.58,Angelo Mauricio Adasme Alfaro
Chile,2013,4,9.4,Felipe Andres Rojas Garces
Chile,2014,4,9.7,Francisco Javier Lemes S�ez
Chile,2015,10,8.03,Ron van Bruchem
Chile,2016,7,7.85,Jos� Garrido
Chile,2017,8,5.36,Jos� Garrido
Chile,2018,11,6.32,Jos� Garrido
Chile,2019,8,5.89,Ting Sheng Bao Yang
Chile,2020,2,6.48,Jos� Garrido
Chile,2021,2,6.08,Leopoldo Andr�s Ibarra Fuentes
Chile,2022,7,6.06,Jaime Subir� Montenegro
Chile,2023,19,4.67,Leopoldo Andr�s Ibarra Fuentes
Chile,2024,32,3.74,Leopoldo Andr�s Ibarra Fuentes
Chile,2025,18,4.72,Javier Aravena
China,2010,27,8.33,Arnaud van Galen
China,2011,48,6.84,Aurelien Souchet (??)
China,2012,35,7.28,Takafumi Haseda (?????)
China,2013,36,7.02,Aurelien Souchet (??)
China,2014,39,5.81,Chan Tak Chuen (???)
China,2015,42,5.77,Yueh-Lin Tsai (???)
China,2016,49,5.62,Sinpei Araki (????)
China,2017,74,4.9,Ron van Bruchem
China,2018,97,3.47,Chris Krueger
China,2019,95,4.88,Chris Krueger
China,2020,8,4.84,Luchen Zhang (???)
China,2021,32,4.06,Luchen Zhang (???)
China,2023,8,4.27,Chan Tak Chuen (???)
China,2024,35,3.27,Chan Tak Chuen (???)
China,2025,34,3.05,Chris Krueger
Colombia,2011,3,11.72,Uriel Gayosso Ruiz
Colombia,2012,5,9.47,Dennis Rosero
Colombia,2013,6,8.11,Dennis Rosero
Colombia,2014,9,7.86,Dennis Rosero
Colombia,2015,9,7.4,Dennis Rosero
Colombia,2016,11,6.7,Dennis Rosero
Colombia,2017,13,5.51,Jeremy Fleischman
Colombia,2018,20,6.27,Dennis Rosero
Colombia,2019,25,6.77,Dennis Rosero
Colombia,2020,4,7.22,Dennis Rosero
Colombia,2021,3,6.88,Dennis Rosero
Colombia,2022,24,6.52,Dennis Rosero
Colombia,2023,93,5.64,Dennis Rosero
Colombia,2024,133,5.17,Joel Hern�ndez
Colombia,2025,97,4.52,Joel Hern�ndez
Costa Rica,2017,1,6.57,Joel Hern�ndez
Costa Rica,2018,2,6.64,Joel Hern�ndez
Costa Rica,2019,5,6.76,Drew Brads
Costa Rica,2020,1,7.33,Brayden Gordley
Costa Rica,2022,4,6.89,Erik Akkersdijk
Costa Rica,2023,6,6.94,Brayden Gordley
Costa Rica,2024,5,6.51,David Calder�n Arce
Costa Rica,2025,5,6.79,David Calder�n Arce
Cote d_Ivoire,2025,1,11.9,Timothy Lawrance
Croatia,2011,1,7.93,Ron van Bruchem
Croatia,2014,1,7.69,Anders Larsson
Croatia,2015,2,7.87,Istv�n Kocza
Croatia,2016,2,6.33,Oliv�r Perge
Croatia,2017,2,6.61,Oliv�r Perge
Croatia,2018,2,6.88,Tristan Wright
Croatia,2019,3,6.01,Bence Bar�t
Croatia,2020,1,6.75,Bence Bar�t
Croatia,2021,1,6.89,D�niel Varga
Croatia,2022,2,6.78,Bence Bar�t
Croatia,2023,4,5.21,Bence Bar�t
Croatia,2024,6,5,D�niel Varga
Croatia,2025,6,4.6,D�niel Varga
Cuba,2016,1,12.48,Ron van Bruchem
Cyprus,2017,1,8.83,Ilya Tsiareshka
Cyprus,2018,1,8.22,Erik Akkersdijk
Cyprus,2019,2,9.28,Ron van Bruchem
Cyprus,2020,1,6.46,Leon Schmidtchen
Cyprus,2022,1,5.36,Simone Santarsiero
Cyprus,2023,2,4.52,Amit Sheffer
Cyprus,2024,3,5.07,Vladislav Bender
Cyprus,2025,3,6.44,Amit Schori
Czech Republic,2010,1,7.8,Lars Vandenbergh
Czech Republic,2011,1,8.25,Ton Dennenbroek
Czech Republic,2012,1,7.43,Ton Dennenbroek
Czech Republic,2013,1,8.06,Ton Dennenbroek
Czech Republic,2014,2,7.77,Istv�n Kocza
Czech Republic,2015,3,7.21,Markus Pirzer
Czech Republic,2016,4,5.13,Ron van Bruchem
Czech Republic,2017,3,6.6,Oliv�r Perge
Czech Republic,2018,1,7.35,Bence Bar�t
Czech Republic,2019,4,6.83,Bence Bar�t
Czech Republic,2021,1,6.07,Thierry Boisivon
Czech Republic,2022,4,6.01,Bence Bar�t
Czech Republic,2023,16,5.06,Bence Bar�t
Czech Republic,2024,13,4.72,Markus Pirzer
Czech Republic,2025,15,5.01,Ton Dennenbroek
Denmark,2010,6,10.15,Shotaro Makisumi (?????)
Denmark,2011,7,8.58,Gunnar Kantare Krig
Denmark,2011,7,8.58,Gunnar Krig
Denmark,2012,4,7.88,Jess Bonde
Denmark,2013,5,7.94,Istv�n Kocza
Denmark,2014,6,6.41,Ron van Bruchem
Denmark,2015,5,7.31,Jeremy Fleischman
Denmark,2016,6,6.26,Mil�n Baticz
Denmark,2017,7,5.93,Erik Akkersdijk
Denmark,2018,9,5.06,Henrik Buus Aagaard
Denmark,2019,13,5.03,Erik Akkersdijk
Denmark,2020,6,5.55,Henrik Buus Aagaard
Denmark,2021,3,5.54,Henrik Buus Aagaard
Denmark,2022,22,3.97,Ron van Bruchem
Denmark,2023,30,4.62,Henrik Buus Aagaard
Denmark,2024,43,4.75,Erik Akkersdijk
Denmark,2025,43,4.65,Henrik Buus Aagaard
Dominican Republic,2013,1,10.03,Nat�n Riggenbach
Dominican Republic,2014,5,8.17,Antholin Blijden
Dominican Republic,2015,4,8.4,Denys Arturo Rosario Coste
Dominican Republic,2016,4,7.35,Sumi Lee
Dominican Republic,2017,4,5.65,Jeremy Fleischman
Dominican Republic,2018,3,7.87,Sumi Lee
Dominican Republic,2019,3,8.08,Sumi Lee
Dominican Republic,2020,1,7.74,Aderlin Vicente Martinez Santos
Dominican Republic,2023,1,6.94,Sumi Lee
Dominican Republic,2024,1,4.61,Rafael Gregorio Martinez Paredes
Dominican Republic,2025,2,7.28,Aderlin Vicente Martinez Santos
Ecuador,2017,4,8.33,Eduard Esteban Garc�a Dom�nguez
Ecuador,2018,7,6.93,Eduard Esteban Garc�a Dom�nguez
Ecuador,2019,4,7.17,David Remolina Am�rtegui
Ecuador,2021,1,7.29,Jorge Contento
Ecuador,2022,10,7.52,Diego Alejandro Casas Jimenez
Ecuador,2023,12,6.79,Jos� David Castiblanco Marin
Ecuador,2024,16,5.75,David Arzamastsev
Ecuador,2025,9,5.61,Diego Alejandro Casas Jimenez
Egypt,2019,2,8.58,Cl�ment Cherblanc
Egypt,2020,1,8.78,Niko Ronkainen
Egypt,2022,1,7.46,Mahmoud Ibrahim
Egypt,2024,2,5.92,Ron van Bruchem
Egypt,2025,1,NULL,NULL
El Salvador,2015,1,10.51,Joel Hern�ndez
El Salvador,2016,1,10.75,Joel Hern�ndez
El Salvador,2017,2,11.01,Joel Hern�ndez
El Salvador,2018,5,5.67,Joel Hern�ndez
El Salvador,2019,4,8.35,Joel Hern�ndez
El Salvador,2020,1,9.63,Joel Hern�ndez
El Salvador,2021,3,6.64,Joel Hern�ndez
El Salvador,2022,7,7.46,Joel Hern�ndez
El Salvador,2023,6,7.33,Joel Hern�ndez
El Salvador,2024,3,6.38,Joel Hern�ndez
El Salvador,2025,2,7.9,Joel Hern�ndez
Estonia,2010,1,12.25,Petri Vanhala
Estonia,2011,3,9.91,Tommy Gustavsson
Estonia,2012,3,7.69,Anssi Vanhala
Estonia,2013,2,9.13,Anders Larsson
Estonia,2014,1,12.13,Anti Ingel
Estonia,2015,2,7.28,Anti Ingel
Estonia,2016,3,9.63,Anti Ingel
Estonia,2017,3,9.59,Anti Ingel
Estonia,2018,5,7.1,Ron van Bruchem
Estonia,2019,7,6.09,Andreas Pung
Estonia,2020,1,6.55,Andreas Pung
Estonia,2021,2,6.42,Andreas Pung
Estonia,2022,6,5.08,Erik Akkersdijk
Estonia,2023,10,5.33,Niko Ronkainen
Estonia,2024,12,5.05,Matteo Provasi
Estonia,2025,3,5.62,Niko Ronkainen
Fiji,2025,1,NULL,NULL
Finland,2010,2,9.96,Tommy Gustavsson
Finland,2011,4,8.06,Gunnar Kantare Krig
Finland,2011,4,8.06,Gunnar Krig
Finland,2012,3,9.44,Anssi Vanhala
Finland,2013,3,8.79,Petri Vanhala
Finland,2014,4,8.12,Petri Vanhala
Finland,2015,4,6.93,Petri Vanhala
Finland,2016,6,7.07,Tomasz ?o?nowski
Finland,2017,9,6.07,Mikael Gr�nroos
Finland,2018,12,6.25,Ron van Bruchem
Finland,2019,15,4.94,Dan Gr�nberg
Finland,2020,4,4.8,Oscar Roth Andersen
Finland,2021,2,5.34,Niko Ronkainen
Finland,2022,11,4.86,Dan Gr�nberg
Finland,2023,27,5.27,Niko Ronkainen
Finland,2024,27,5.38,Matteo Provasi
Finland,2025,28,6.4,Konsta Jukka
France,2010,10,7.4,Shotaro Makisumi (?????)
France,2011,15,7.28,Edouard Chambon
France,2012,16,7.97,Cl�ment Gallet
France,2013,13,6.9,Ton Dennenbroek
France,2014,11,7.81,Ton Dennenbroek
France,2015,13,5.97,Ton Dennenbroek
France,2016,16,5.4,Ton Dennenbroek
France,2017,16,5.47,Ron van Bruchem
France,2018,23,5.12,Ton Dennenbroek
France,2019,25,4.44,Ton Dennenbroek
France,2020,6,5.77,Mario Laurent
France,2021,5,4.32,Mario Laurent
France,2022,28,4.78,Christophe Woittequand
France,2023,32,4.33,Ton Dennenbroek
France,2024,43,4.72,Ton Dennenbroek
France,2025,44,4.57,Ton Dennenbroek
Georgia,2013,1,9.62,Ron van Bruchem
Georgia,2015,1,11.01,?skender Aznavur
Georgia,2018,1,7.1,Can G�c�yener
Georgia,2022,4,5.47,Eduard Betanyan
Georgia,2023,18,5.1,Aleksandr Podolskiy
Georgia,2024,11,4.76,Aleksandr Podolskiy
Georgia,2025,1,8.29,Giorgi Chkhaidze (?????? ??????)
Germany,2010,10,8.08,Michiel van der Blonk
Germany,2011,11,7.11,Ron van Bruchem
Germany,2012,13,6.84,Ron van Bruchem
Germany,2013,13,6.98,Stefan Pochmann
Germany,2014,14,6.4,Erik Akkersdijk
Germany,2015,12,5.88,Ton Dennenbroek
Germany,2016,11,5.62,Stefan Pochmann
Germany,2017,14,4.94,Stefan Pochmann
Germany,2018,12,4.77,Erik Akkersdijk
Germany,2019,17,5.08,Markus Pirzer
Germany,2020,4,4.74,Erik Akkersdijk
Germany,2021,5,5.52,Erik Akkersdijk
Germany,2022,13,4.89,Erik Akkersdijk
Germany,2023,33,4.63,Erik Akkersdijk
Germany,2024,32,4.49,Ton Dennenbroek
Germany,2025,35,4.5,Ton Dennenbroek
Ghana,2019,1,11.3,Philippe Virouleau
Ghana,2020,1,7.73,Akash Rupela
Ghana,2025,1,8.41,Ron van Bruchem
Greece,2010,1,11.94,Christos Karasiotos
Greece,2013,1,9.01,Arnaud van Galen
Greece,2015,2,7.3,Ron van Bruchem
Greece,2016,3,6.57,Dimitris Passas
Greece,2017,1,8,Dimitris Passas
Greece,2018,2,7.03,Dimitris Passas
Greece,2019,2,5.72,Erik Akkersdijk
Greece,2022,2,7.1,Niko Ronkainen
Greece,2023,6,4.92,Lina Weyer
Greece,2023,6,4.92,Lina Tissier
Greece,2024,12,5.33,Maria Oey
Greece,2025,11,5.11,Ron van Bruchem
Guatemala,2013,1,12.3,Nat�n Riggenbach
Guatemala,2014,5,12.25,Joel Hern�ndez
Guatemala,2015,5,10.58,Sof�a Alvarez
Guatemala,2016,4,9.13,Joel Hern�ndez
Guatemala,2017,7,5.65,Jeremy Fleischman
Guatemala,2018,8,7.8,Joel Hern�ndez
Guatemala,2019,10,7.31,Joel Hern�ndez
Guatemala,2021,1,8.45,Joel Hern�ndez
Guatemala,2022,7,6.14,Joel Hern�ndez
Guatemala,2023,4,6.8,Joel Hern�ndez
Guatemala,2024,3,5.68,Adri�n Ram�rez
Guatemala,2025,2,5.78,Joel Hern�ndez
Honduras,2017,1,11.32,Joel Hern�ndez
Honduras,2018,3,9.13,Joel Hern�ndez
Honduras,2019,7,9.48,Joel Hern�ndez
Honduras,2022,2,10.91,Joel Hern�ndez
Honduras,2023,3,9.1,Sara Abigail Cubas C�lix
Honduras,2024,1,10.12,Luis David Hern�ndez Mej�a
Honduras,2025,2,8.47,Joel Hern�ndez
Hong Kong,2010,2,9.78,Arnaud van Galen
Hong Kong,2012,1,7.33,Olivier Gaucher
Hong Kong,2015,3,7.91,Chan Tak Chuen (???)
Hong Kong,2016,1,6.89,Chan Tak Chuen (???)
Hong Kong,2017,3,6.69,Chan Tak Chuen (???)
Hong Kong,2019,1,6.37,Chan Tak Chuen (???)
Hong Kong,2023,5,3.9,Chia-Leo Lin (???)
Hong Kong,2024,5,4.38,Chia-Leo Lin (???)
Hong Kong,2025,4,5.45,Chan Tak Chuen (???)
Hungary,2010,2,8.31,Guus Razoux Schultz
Hungary,2011,1,8.65,Oliv�r Nagy
Hungary,2012,1,8.8,Oliv�r Nagy
Hungary,2013,1,8.43,Edouard Chambon
Hungary,2014,1,8.18,Mil�n Baticz
Hungary,2015,2,7.75,Mil�n Baticz
Hungary,2016,2,6.82,Mil�n Baticz
Hungary,2017,4,6.63,Mil�n Baticz
Hungary,2018,2,6.5,Mil�n Baticz
Hungary,2019,3,6.2,Mil�n Baticz
Hungary,2020,1,5.99,Istv�n Kocza
Hungary,2022,1,5.43,Bence Bar�t
Hungary,2023,8,4.98,Istv�n Kocza
Hungary,2024,16,4.82,Ron van Bruchem
Hungary,2025,15,5.16,Istv�n Kocza
Iceland,2012,1,10.03,Ron van Bruchem
Iceland,2014,1,14.78,Anders Larsson
Iceland,2018,2,6.29,Fabian Auroux
Iceland,2019,2,6.3,S�bastien Auroux
Iceland,2020,1,7.98,Ivan Lew Yi Wen (???)
Iceland,2021,1,7.58,Sigur�ur Gu�ni Gunnarsson
Iceland,2022,1,6.6,Karl �orl�ksson
Iceland,2023,3,7.44,Rados?aw Drozdowicz
Iceland,2024,3,6.68,Mason Langenderfer
Iceland,2025,2,7.47,Karl �orl�ksson
India,2010,7,11,John Louis
India,2011,10,11.24,Arnaud van Galen
India,2012,7,10.15,John Louis
India,2013,20,8.33,Nikhil Mande
India,2014,36,6.91,John Louis
India,2015,34,7.66,Nikhil Mande
India,2016,34,5.72,Ron van Bruchem
India,2017,61,5.61,Mats Valk
India,2018,76,5.57,Nikhil Mande
India,2019,61,4.91,Patitpavan Neel
India,2020,14,6.28,Shivam Bansal
India,2021,1,7.49,Bhargav Narasimhan
India,2022,41,4.81,Mohammed Arif
India,2023,72,5.34,Antonio Gallego Zambrano
India,2024,107,5.05,Ranphoa Ngowa
India,2025,98,4.77,Patitpavan Neel
Indonesia,2010,7,9.68,Anders Larsson
Indonesia,2011,18,8.05,Wicaksono Adi
Indonesia,2012,14,6.84,Lila Gu�ret
Indonesia,2013,11,6.96,Rama Temmink
Indonesia,2014,5,7.5,Maria Oey
Indonesia,2015,8,6.61,Maria Oey
Indonesia,2016,13,4.74,Maria Oey
Indonesia,2017,32,5.69,Rama Temmink
Indonesia,2018,29,6.32,Maria Oey
Indonesia,2019,19,5.47,Maria Oey
Indonesia,2020,4,6.22,Willy Hericson
Indonesia,2022,14,4.42,Maria Oey
Indonesia,2023,23,4.44,Maria Oey
Indonesia,2024,34,4.19,Maria Oey
Indonesia,2025,13,4.66,Fayyadh Aunilbarr
Iran,2011,1,9.88,Ron van Bruchem
Iran,2012,3,9.13,Arash Maslehatjoo (??? ????? ??)
Iran,2013,3,8.18,Arash Maslehatjoo (??? ????? ??)
Iran,2014,3,7.3,Oliv�r Perge
Iran,2015,3,7.47,Arash Maslehatjoo (??? ????? ??)
Iran,2016,3,7.78,Arash Maslehatjoo (??? ????? ??)
Iran,2017,3,7.17,Arash Maslehatjoo (??? ????? ??)
Iran,2018,4,6.79,Arash Maslehatjoo (??? ????? ??)
Iran,2019,6,6.27,Mohammad Hosein Abbasi (???? ???? ?????)
Iran,2022,1,6.99,Mehdi Ghaderi (???? ?????)
Iran,2023,5,6.04,Mehdi Ghaderi (???? ?????)
Iran,2024,6,5.87,Mehdi Ghaderi (???? ?????)
Iran,2025,1,5.87,Saeed Mostafavi Layegh (???? ?????? ????)
Ireland,2012,1,10.13,Thom Barlow
Ireland,2015,1,7.39,Greg Austin
Ireland,2016,1,6.99,Istv�n Kocza
Ireland,2017,2,7.02,Ting Sheng Bao Yang
Ireland,2018,1,6.05,David Lim
Ireland,2019,4,5.31,Fabian Auroux
Ireland,2020,1,6.54,Ciar�n Beahan
Ireland,2021,2,5.41,Bruno Vervoort
Ireland,2022,11,4.24,Jan Bentlage
Ireland,2023,17,4.25,Erik Akkersdijk
Ireland,2024,22,5.3,Ron van Bruchem
Ireland,2025,21,4.98,Tristan Paulussen
Israel,2010,1,14.38,Dror Vomberg
Israel,2011,1,12.19,Dror Vomberg
Israel,2014,1,9.84,Dror Vomberg
Israel,2015,1,8.61,Dror Vomberg
Israel,2016,1,7.68,Dror Vomberg
Israel,2017,2,7.73,Dror Vomberg
Israel,2018,2,7.3,Dror Vomberg
Israel,2019,4,5.61,Dror Vomberg
Israel,2022,12,5.2,Yoav Zaidenberg
Israel,2023,11,4.96,Eyal Alfasi
Israel,2024,20,4.97,Eyal Alfasi
Israel,2025,14,5.27,Eyal Alfasi
Italy,2010,10,7.93,Jes�s Masanet Garc�a
Italy,2011,12,7.52,Jes�s Masanet Garc�a
Italy,2012,9,6.86,Mil�n Baticz
Italy,2013,11,7.47,Cristiano Alba
Italy,2014,14,6.77,Anders Larsson
Italy,2015,13,6.64,G�bor Szab�
Italy,2016,14,6.35,Istv�n Kocza
Italy,2017,11,6.49,Ton Dennenbroek
Italy,2018,14,6.44,Alan Chang
Italy,2019,12,5.63,Lorenzo Vigani Poli
Italy,2020,2,6.82,Lorenzo Vigani Poli
Italy,2021,4,5.4,Lorenzo Vigani Poli
Italy,2022,21,4.91,Lorenzo Vigani Poli
Italy,2023,34,4.67,Alan Chang
Italy,2024,40,4.68,Lorenzo Vigani Poli
Italy,2025,45,4.26,Alan Chang
Japan,2010,11,7.5,Masayuki Akimoto (????)
Japan,2011,10,7.83,Masayuki Akimoto (????)
Japan,2012,22,6.84,Masayuki Akimoto (????)
Japan,2013,17,6.56,Satoshi Idekawa (????)
Japan,2014,18,6.15,Ron van Bruchem
Japan,2015,17,6.44,Takeshi Akuzawa (?????)
Japan,2016,14,6.64,Takeshi Akuzawa (?????)
Japan,2017,17,5.58,Fumiki Koseki (????)
Japan,2018,15,5.71,Takeshi Akuzawa (?????)
Japan,2019,18,4.8,Fumiki Koseki (????)
Japan,2020,3,6.24,Fumiki Koseki (????)
Japan,2021,2,6.87,Sinpei Araki (????)
Japan,2022,8,5.95,Fumiki Koseki (????)
Japan,2023,18,5.3,Fumiki Koseki (????)
Japan,2024,11,4.86,Fumiki Koseki (????)
Japan,2025,21,4.81,Fumiki Koseki (????)
Jordan,2012,1,11.34,Ron van Bruchem
Jordan,2019,1,8.53,Cl�ment Cherblanc
Jordan,2021,1,8.9,Mahmoud Ibrahim
Jordan,2022,5,6.88,Akash Rupela
Jordan,2023,5,7.14,Niko Ronkainen
Jordan,2024,1,7.64,Mohammad Almoumen
Jordan,2025,8,5.85,Baha Alshwaiki
Kazakhstan,2017,1,9.07,Ron van Bruchem
Kazakhstan,2018,6,5.73,Ron van Bruchem
Kazakhstan,2019,13,6.44,Nikolai Masson (??????? ??????)
Kazakhstan,2020,1,6.66,Ilyas Arystanbekov (????? ????????????)
Kazakhstan,2021,1,8,Ilyas Arystanbekov (????? ????????????)
Kazakhstan,2022,7,4.78,Ron van Bruchem
Kazakhstan,2023,10,5.34,Maxim Chechnev
Kazakhstan,2024,8,5.69,Maxim Chechnev
Kazakhstan,2025,7,4.65,Andrey Zhukov
Kenya,2019,1,7.11,Daniel Wallin
Kenya,2022,1,10.22,Sachin Arvind
Kenya,2023,5,9.81,Arjun Chudasama
Kenya,2024,6,9.18,Amrik Singh Chana
Kenya,2025,7,8.05,Vardaan Datta
Kenya,2025,7,8.05,Vardaan Datta
Korea,2010,1,10.53,Gilles van den Peereboom
Korea,2011,3,7.33,SeungWoon Lee (???)
Korea,2012,3,8.58,JaeYoung Chun (???)
Korea,2013,2,7.6,JaeYoung Chun (???)
Korea,2014,5,6.71,JaeYoung Chun (???)
Korea,2015,6,5.93,JaeYoung Chun (???)
Korea,2016,5,4.94,JaeYoung Chun (???)
Korea,2017,8,5.4,JaeYoung Chun (???)
Korea,2018,7,4.96,JaeYoung Chun (???)
Korea,2019,10,4.86,JaeYoung Chun (???)
Korea,2020,1,5.85,Choi Goho (???)
Korea,2021,1,6.51,JaeYoung Chun (???)
Korea,2022,8,4.64,JaeYoung Chun (???)
Korea,2023,11,4.17,Ron van Bruchem
Korea,2024,24,4,JaeYoung Chun (???)
Korea,2025,15,4.49,JaeYoung Chun (???)
Kosovo,2018,1,6.97,Ron van Bruchem
Kosovo,2019,1,6.85,Mihai C?p??inescu
Kosovo,2023,1,6.06,Lir Ukaj
Kosovo,2023,1,6.06,Lir Ukaj
Kuwait,2017,1,12.78,Hamad Musa'ed Al-Abdali
Kuwait,2018,1,8.55,Rashid Alhajri
Kuwait,2022,1,8.27,Hosein Shirazi
Kuwait,2023,3,7.72,Hosein Shirazi
Kuwait,2024,4,6.76,Mohammad Almoumen
Kuwait,2025,2,8.1,Akash Rupela
Kyrgyzstan,2017,1,9.09,Akash Rupela
Kyrgyzstan,2018,1,7.39,Akash Rupela
Kyrgyzstan,2019,1,8.06,Cl�ment Cherblanc
Kyrgyzstan,2024,4,5.35,Ron van Bruchem
Kyrgyzstan,2025,3,4.24,Andrey Zhukov
Laos,2024,1,5.49,Ron van Bruchem
Laos,2025,1,8.19,Tanai Chaikraveephand (???? ?????????????)
Latvia,2012,1,10.06,Anssi Vanhala
Latvia,2013,1,10.79,Boriss Benzerruki
Latvia,2014,1,9.32,Boriss Benzerruki
Latvia,2015,2,8.74,Boriss Benzerruki
Latvia,2016,2,7.79,Boriss Benzerruki
Latvia,2017,3,7.13,Andreas Pung
Latvia,2018,4,7.25,Andreas Pung
Latvia,2019,2,6.42,Oleg Andreyev
Latvia,2022,3,6.05,Niko Ronkainen
Latvia,2023,5,5.72,Amit Sheffer
Latvia,2024,9,5.17,Vladislavs Baranovs
Latvia,2025,7,4.72,Ron van Bruchem
Liechtenstein,2018,1,5.93,Erik Akkersdijk
Liechtenstein,2019,1,4.96,Oscar Roth Andersen
Liechtenstein,2023,1,6.53,Thomas Stadler
Lithuania,2013,1,11.4,Boriss Benzerruki
Lithuania,2016,2,7.56,K?rlis Iskrovs
Lithuania,2017,5,6.64,Ron van Bruchem
Lithuania,2018,2,6.68,Mantas Sidabras
Lithuania,2019,2,7.2,Nathan Dwyer
Lithuania,2021,1,5.52,Mantas Sidabras
Lithuania,2022,3,5.66,Vladislavs Baranovs
Lithuania,2023,7,5.27,Niko Ronkainen
Lithuania,2024,2,4.73,Vladislavs Baranovs
Lithuania,2025,4,4.39,Istv�n Kocza
Luxembourg,2018,1,5.81,Ron van Bruchem
Luxembourg,2022,1,5.04,Bence Bar�t
Luxembourg,2024,1,6.42,Niko Ronkainen
Madagascar,2019,1,8.28,Akash Rupela
Madagascar,2024,1,7.34,Niko Ronkainen
Madagascar,2025,1,7.26,Akash Rupela
Malaysia,2010,3,8.4,Anders Larsson
Malaysia,2011,3,8.16,Arnaud van Galen
Malaysia,2012,4,7.68,Antoine Perdereau
Malaysia,2013,1,9.02,Anders Larsson
Malaysia,2014,2,7.18,Muhammad Hariz Bin Azizan
Malaysia,2015,2,7.35,Muhammad Hariz Bin Azizan
Malaysia,2016,5,6.55,Luchen Zhang (???)
Malaysia,2017,8,5.25,Muhammad Hariz Bin Azizan
Malaysia,2018,8,6.54,Chia-Leo Lin (???)
Malaysia,2019,13,5.02,Chia-Leo Lin (???)
Malaysia,2022,8,5.47,Muhammad Hariz Bin Azizan
Malaysia,2023,18,3.83,Chia-Leo Lin (???)
Malaysia,2024,21,3.24,Chia-Leo Lin (???)
Malaysia,2025,20,3.08,Chan Tak Chuen (???)
Malta,2019,1,5.94,Ron van Bruchem
Malta,2024,1,8.4,Matteo Provasi
Malta,2025,1,NULL,NULL
Mauritius,2018,1,10.14,Philippe Virouleau
Mauritius,2019,1,10.32,Philippe Virouleau
Mauritius,2020,1,9.97,Milind Bhoyroo
Mauritius,2023,1,11.95,Krishna Sookun
Mauritius,2024,1,9.13,Guido Dipietro
Mexico,2010,3,10.44,Uriel Gayosso Ruiz
Mexico,2011,4,10.8,Uriel Gayosso Ruiz
Mexico,2012,3,9.78,Uriel Gayosso Ruiz
Mexico,2013,3,9.18,Uriel Gayosso Ruiz
Mexico,2014,6,8.05,Uriel Gayosso Ruiz
Mexico,2015,6,7.73,Gabriel Alejandro Orozco Casillas
Mexico,2016,12,6.42,Gabriel Alejandro Orozco Casillas
Mexico,2017,8,6.92,Jorge Leonardo S�nchez Salazar
Mexico,2018,12,6.35,Alan Chang
Mexico,2019,21,5.9,Uriel Gayosso Ruiz
Mexico,2020,3,6.02,Gabriel Alejandro Orozco Casillas
Mexico,2022,7,5.24,Gabriel Alejandro Orozco Casillas
Mexico,2023,32,4.94,Uriel Gayosso Ruiz
Mexico,2024,60,4.46,Gabriel Alejandro Orozco Casillas
Mexico,2025,54,4.12,Alan Chang
Moldova,2015,1,9.95,Artem Melikian (????? ???????)
Moldova,2016,2,9.39,Artem Melikian (????? ???????)
Moldova,2017,1,10.22,Ilya Tsiareshka
Moldova,2020,1,7.55,Ron van Bruchem
Mongolia,2013,1,11.13,Ron van Bruchem
Mongolia,2017,1,7.54,Chris Krueger
Mongolia,2018,3,6.7,Fangyuan Chang (???)
Mongolia,2019,6,4.84,Altanbagana Altangerel (?????????? ???????????)
Mongolia,2022,5,6.24,Altanbagana Altangerel (?????????? ???????????)
Mongolia,2023,6,5.01,Altanbagana Altangerel (?????????? ???????????)
Mongolia,2024,10,5.97,Altanbagana Altangerel (?????????? ???????????)
Mongolia,2025,13,5.8,Altanbagana Altangerel (?????????? ???????????)
Montenegro,2017,1,8.7,Oliv�r Perge
Montenegro,2019,2,6.65,Reto Bubendorf
Montenegro,2019,2,6.65,Reto Bubendorf
Montenegro,2019,2,6.65,Reto Bubendorf
Montenegro,2024,2,7.5,Ron van Bruchem
Montenegro,2025,2,7.35,Vladimir Kuznetsov
Morocco,2017,1,11.99,Ron van Bruchem
Morocco,2018,2,8,Philippe Virouleau
Morocco,2019,1,8.54,Ayoub El Atouany
Morocco,2023,1,6.43,Mohamed Elkhatri
Morocco,2024,1,6.58,Francisco Jos� Campos Rocamora
Morocco,2025,3,6.53,Pau Vela Garc�a
Nepal,2016,2,10.07,Leung Yu Ching (???)
Nepal,2017,2,6.99,Ming Zheng (??)
Nepal,2018,4,6.99,Akash Rupela
Nepal,2019,7,8.45,James Hamory
Nepal,2020,2,8.52,Akula Pavan Kumar
Nepal,2022,1,7.76,Sukant Koul
Nepal,2023,1,7.08,Krishal KC
Nepal,2024,1,6.47,Krishal KC
Nepal,2025,3,6.66,Akula Pavan Kumar
Netherlands,2010,3,7.56,Ron van Bruchem
Netherlands,2011,4,6.41,Guus Razoux Schultz
Netherlands,2012,6,6.27,Guus Razoux Schultz
Netherlands,2013,6,6.61,Guus Razoux Schultz
Netherlands,2014,4,6.23,Ron van Bruchem
Netherlands,2015,2,7.24,Ron van Bruchem
Netherlands,2016,7,6.41,Ron van Bruchem
Netherlands,2017,9,4.89,Ron van Bruchem
Netherlands,2018,10,5.24,Ron van Bruchem
Netherlands,2019,11,5.27,Ron van Bruchem
Netherlands,2020,4,5.7,Ron van Bruchem
Netherlands,2022,7,5.02,Ron van Bruchem
Netherlands,2023,11,4.13,Ron van Bruchem
Netherlands,2024,15,4.34,Ron van Bruchem
Netherlands,2025,15,4.17,Ron van Bruchem
New Zealand,2010,3,7.94,Hashim Ali
New Zealand,2011,3,9.18,Arnaud van Galen
New Zealand,2012,1,11.19,Cameron Hobbs
New Zealand,2013,1,11.69,Benjamin Brungar
New Zealand,2014,3,7.4,Dene Beardsley
New Zealand,2015,3,8.87,Chris Hardwick
New Zealand,2016,5,7.04,Tim Habermaas
New Zealand,2017,7,5.71,Joshua Brungar
New Zealand,2018,9,6.21,Joshua Brungar
New Zealand,2019,7,6.5,Istv�n Kocza
New Zealand,2020,4,4.16,Joshua Brungar
New Zealand,2021,9,5.19,Joshua Brungar
New Zealand,2022,16,5.01,Joshua Brungar
New Zealand,2023,16,5.03,Joshua Brungar
New Zealand,2024,33,4.58,Joshua Brungar
New Zealand,2025,35,4.76,Ming Zheng (??)
Nigeria,2019,1,10.96,Soufiane Lakhlifi
Nigeria,2022,2,9,Sadiq Ahmed
Nigeria,2023,2,7.62,Oluwatobiloba Benjamin Ajayi
Nigeria,2024,2,8.42,Ashraf Ahmed
North Macedonia,2018,1,7.42,Ron van Bruchem
North Macedonia,2019,2,6.83,Aleksandar Angelov
North Macedonia,2022,1,6.42,Konstantin Jaehne
North Macedonia,2023,1,6.87,Lir Ukaj
North Macedonia,2023,1,6.87,Lir Ukaj
Norway,2010,2,8.46,Eivind Fonn
Norway,2011,2,8.71,Eivind Fonn
Norway,2012,4,7.78,Eivind Fonn
Norway,2013,4,7.28,Istv�n Kocza
Norway,2014,5,6.5,Ron van Bruchem
Norway,2015,5,6.33,Vidar Norstein Klungre
Norway,2016,4,6.09,Istv�n Kocza
Norway,2017,6,5.62,Eivind Fonn
Norway,2018,9,6.09,Bence Bar�t
Norway,2019,10,5.54,Istv�n Kocza
Norway,2020,3,5.64,Ole Nikolai Gjerset
Norway,2021,3,5.38,Vidar Norstein Klungre
Norway,2022,13,4.53,Tim Reynolds
Norway,2023,27,3.97,Vidar Norstein Klungre
Norway,2024,28,3.66,Ron van Bruchem
Norway,2025,21,4.15,Vidar Norstein Klungre
Oman,2023,1,6.26,Ron van Bruchem
Pakistan,2018,1,9.7,Ilya Tsiareshka
Pakistan,2019,1,8.63,Abdullah Gulab
Pakistan,2024,1,5.43,Abdullah Gulab
Palestine,2019,1,9.72,Ilya Tsiareshka
Palestine,2022,1,7,Niko Ronkainen
Palestine,2023,2,7.24,Ron van Bruchem
Palestine,2025,3,6.4,Ahmad Abu Hussein
Panama,2017,2,10.34,Enrymar Cisneros
Panama,2018,1,9.59,Jos� Felipe Duarte Coronado
Panama,2019,2,7.53,Yi-Fan Wu (???)
Panama,2022,4,8.03,Joel Hern�ndez
Panama,2023,3,8.17,Evan Liu
Panama,2024,8,7.09,Javier Rangel
Panama,2025,7,5.98,Egdar Castillo
Paraguay,2016,1,11,Claudio Gonzalez
Paraguay,2017,4,8.79,Claudio Gonzalez
Paraguay,2018,5,9.11,Victor Ayala
Paraguay,2019,4,8.42,Ting Sheng Bao Yang
Paraguay,2021,1,9.41,Elias Miguel Acosta Acosta
Paraguay,2022,3,9.1,Victor Ayala
Paraguay,2023,7,6.13,Vladimir De la Torre
Paraguay,2024,8,5.37,Gabriel Cantanh�de Vieira
Paraguay,2025,4,6.09,Victor Ayala
Peru,2011,5,10.36,Tyson Mao (???)
Peru,2012,5,11.06,Eduardo Valdivia Chacon
Peru,2013,8,9.14,Jos� Garrido
Peru,2014,10,8.52,Arturo Casas Arenas
Peru,2015,12,6.1,Ron van Bruchem
Peru,2016,15,6.32,Leopoldo Andr�s Ibarra Fuentes
Peru,2017,26,5.39,Jeremy Fleischman
Peru,2018,24,5.52,Ting Sheng Bao Yang
Peru,2019,22,6.11,Ting Sheng Bao Yang
Peru,2020,4,6.83,Alexander Esquivel
Peru,2021,4,7.13,Arturo Antonio Flores Reyes
Peru,2022,14,4.65,Jesus Eduardo Leiva Ramos
Peru,2023,30,5.07,Ernesto Guti�rrez Cuba
Peru,2024,38,4.72,Jael Riggenbach
Peru,2025,25,4.71,Jesus Eduardo Leiva Ramos
Philippines,2010,4,9.88,Anders Larsson
Philippines,2011,7,8.4,James Benedict Ca�ares
Philippines,2012,4,7.53,James Benedict Ca�ares
Philippines,2013,8,7.09,Chia-Wei Lu (???)
Philippines,2014,9,7.61,Tatsuya Ookubo (?????)
Philippines,2015,16,7.29,James Benedict Ca�ares
Philippines,2016,28,7.11,James Benedict Ca�ares
Philippines,2017,32,5.96,James Benedict Ca�ares
Philippines,2018,31,5.12,James Benedict Ca�ares
Philippines,2019,24,4.98,Gina Uy
Philippines,2020,5,5.29,Mark Lester Rodriguez
Philippines,2022,10,4.77,John Paul Custodio
Philippines,2023,46,4.11,Rhodri Mativo
Philippines,2024,79,3.84,James Benedict Ca�ares
Philippines,2025,51,3.92,Carlo Nicolai Abana
Poland,2010,9,8,Ton Dennenbroek
Poland,2011,9,7.77,Ton Dennenbroek
Poland,2012,8,6.11,Ron van Bruchem
Poland,2013,17,6.16,Zbigniew Zborowski
Poland,2014,29,6.64,Krzysztof Boryczko
Poland,2015,19,6.36,Istv�n Kocza
Poland,2016,22,5.88,Istv�n Kocza
Poland,2017,25,5.77,Piotr K�zka
Poland,2018,38,4.59,Istv�n Kocza
Poland,2019,42,4.97,Alan Chang
Poland,2020,10,4.77,Grzegorz ?uczyna
Poland,2021,19,4.11,Grzegorz ?uczyna
Poland,2022,46,4.02,Grzegorz ?uczyna
Poland,2023,79,4.05,Ton Dennenbroek
Poland,2024,83,3.79,Grzegorz ?uczyna
Poland,2025,75,3.71,Piotr K�zka
Portugal,2014,2,8.02,Ron van Bruchem
Portugal,2015,1,10.57,Jes�s Masanet Garc�a
Portugal,2016,2,8.59,Oscar Roth Andersen
Portugal,2017,1,7.71,Filippo Brancaleoni
Portugal,2018,2,7.78,Istv�n Kocza
Portugal,2019,3,7.88,Ant�nio Dias
Portugal,2023,2,5.67,Marcos Ameijeiras Moreno
Portugal,2024,8,5.02,Vasco Vasconcelos
Portugal,2025,21,5.51,Vasco Vasconcelos
Romania,2010,2,10.56,Istv�n Kocza
Romania,2011,1,9.53,Mil�n Baticz
Romania,2012,4,8.06,Mil�n Baticz
Romania,2013,4,9.22,Endre Kov�cs
Romania,2014,5,8.46,Bence Bar�t
Romania,2015,3,8.63,Ron van Bruchem
Romania,2016,6,7.72,Bence Bar�t
Romania,2017,9,6.82,Oliv�r Perge
Romania,2018,13,6.37,Bence Bar�t
Romania,2019,16,5.66,Istv�n Kocza
Romania,2021,1,6.13,Martin Fronescu
Romania,2022,8,5.64,Vlad Bogdan Jianu
Romania,2023,22,4.62,D�niel Varga
Romania,2024,30,4.07,Matteo Provasi
Romania,2025,14,4.28,Matteo Provasi
Russia,2010,2,8.21,Erik Akkersdijk
Russia,2011,3,8.68,Cl�ment Gallet
Russia,2012,3,7.68,Anton Bedrichenko
Russia,2013,6,6.86,Mats Valk
Russia,2014,8,6.91,Victor Bogatov
Russia,2015,13,7,Victor Bogatov
Russia,2016,14,6.16,Anton Goryachikh
Russia,2017,29,6.21,Anton Goryachikh
Russia,2018,37,5.57,Mats Valk
Russia,2019,63,5.29,Anton Goryachikh
Russia,2020,13,6.05,Takuma Shirahase (?????)
Russia,2021,12,5.16,Sergey Ryabko
Russia,2022,2,5.81,Vasily Stasyev
Samoa,2025,1,NULL,NULL
San Marino,2016,1,8.65,Lorenzo Vigani Poli
San Marino,2017,1,8.83,Lorenzo Vigani Poli
San Marino,2018,1,7.68,Lorenzo Vigani Poli
San Marino,2019,1,7.78,Lorenzo Vigani Poli
San Marino,2023,1,5.55,Ron van Bruchem
San Marino,2024,1,5.57,Marcos Ameijeiras Moreno
Serbia,2012,1,10.15,Ron van Bruchem
Serbia,2013,1,8.03,Mil�n Baticz
Serbia,2015,1,8.46,Anders Larsson
Serbia,2016,1,7.56,Oliv�r Perge
Serbia,2018,1,7.53,Jernej Omulec
Serbia,2019,2,6.81,Istv�n Kocza
Serbia,2021,2,5.48,Pauline Bonnaudet
Serbia,2022,4,6.38,Bence Bar�t
Serbia,2023,4,5.05,Bence Bar�t
Serbia,2024,5,5.26,Matic Omulec
Serbia,2025,5,5.16,Nikola A?imovi?
Singapore,2010,1,10.96,Anders Larsson
Singapore,2011,1,8.83,Mohamad Azraei
Singapore,2012,1,8.22,Antoine Perdereau
Singapore,2013,2,8.44,Anders Larsson
Singapore,2014,1,7.46,Francis Wong Jia Yen
Singapore,2015,1,7.4,Anders Larsson
Singapore,2016,3,5.68,Ron van Bruchem
Singapore,2017,2,7.36,Nipat Charoenpholphant (??????? ?????????????)
Singapore,2018,1,6.36,Asia Konvittayayotin (?????? ???????????)
Singapore,2019,4,5.48,Zachary Jermaine Ray Alvar
Singapore,2022,8,5.14,David Ang
Singapore,2023,15,3.95,Chan Tak Chuen (???)
Singapore,2024,26,3.47,Chan Tak Chuen (???)
Singapore,2025,29,3.06,Chan Tak Chuen (???)
Slovakia,2014,2,8.27,Ron van Bruchem
Slovakia,2015,4,6.52,Anders Larsson
Slovakia,2016,3,7.24,Bal�zs Bern�t
Slovakia,2017,5,6.37,Oliv�r Perge
Slovakia,2018,4,5.33,Erik Akkersdijk
Slovakia,2019,3,7.02,Niki Placsk�
Slovakia,2022,2,5.3,Bence Bar�t
Slovakia,2023,8,5.78,Tam�s L�vei
Slovakia,2024,11,4.62,D�niel Varga
Slovakia,2025,9,3.95,Istv�n Kocza
Slovenia,2010,1,10.66,Ron van Bruchem
Slovenia,2012,1,9.69,Istv�n Kocza
Slovenia,2013,2,8.59,Anders Larsson
Slovenia,2014,2,7.83,Istv�n Kocza
Slovenia,2015,2,6.84,Oliv�r Perge
Slovenia,2016,2,6.79,Istv�n Kocza
Slovenia,2017,2,6.28,Oliv�r Perge
Slovenia,2018,3,6.47,Bence Bar�t
Slovenia,2019,4,6.68,Bence Bar�t
Slovenia,2022,2,5.55,Bence Bar�t
Slovenia,2023,5,5.44,Branko Kobal
Slovenia,2024,7,5.01,D�niel Varga
Slovenia,2025,5,4.9,D�niel Varga
South Africa,2014,3,5.91,Anders Larsson
South Africa,2015,9,9.36,Michael Abrahamson
South Africa,2016,5,7.54,Anthony Brooks
South Africa,2016,5,7.54,Anthony Brooks
South Africa,2017,5,8.09,Martin Mothe
South Africa,2018,4,6.39,Mats Valk
South Africa,2019,6,6.96,Samuel Klingstr�m
South Africa,2020,1,7.41,Luke Chadwick
South Africa,2021,1,7.15,Gawie Beukman
South Africa,2022,12,5.58,Evan Liu
South Africa,2023,13,4.87,Michael Abrahamson
South Africa,2024,22,5.06,Niko Ronkainen
South Africa,2025,20,4.86,Jam�an Groenewald
Spain,2010,7,8.38,Shotaro Makisumi (?????)
Spain,2011,6,8.58,Antonio Gallego Zambrano
Spain,2012,7,7.65,Antonio Gallego Zambrano
Spain,2013,14,7.43,Pedro Luis Mu�oz Ya�ez
Spain,2014,20,6.78,Ton Dennenbroek
Spain,2015,17,6.55,Antonio Gallego Zambrano
Spain,2016,24,6.13,Pedro Luis Mu�oz Ya�ez
Spain,2017,29,5.52,Alan Chang
Spain,2018,28,4.83,Ron van Bruchem
Spain,2019,30,5.24,Pedro Luis Mu�oz Ya�ez
Spain,2020,4,5.85,Pedro Luis Mu�oz Ya�ez
Spain,2021,1,7.06,Alexander Olleta del Molino
Spain,2022,29,4.99,Ton Dennenbroek
Spain,2023,61,4.46,Ton Dennenbroek
Spain,2024,69,4.46,Ron van Bruchem
Spain,2025,82,4.34,Antonio Gallego Zambrano
Sri Lanka,2022,2,6.79,Sachin Arvind
Sri Lanka,2023,4,5.19,Arun Kannan
Sri Lanka,2024,5,7.12,Hariprasad CM
Sri Lanka,2025,5,6.96,Xuming Wang (???)
Sweden,2010,3,7.83,Rune Wesstr�m
Sweden,2011,3,8.06,Micael Hellberg
Sweden,2012,2,8.25,Anders Larsson
Sweden,2013,4,7.55,Anders Larsson
Sweden,2014,7,7.91,Anders Larsson
Sweden,2015,7,7.18,Anders Larsson
Sweden,2016,6,6.7,Rune Wesstr�m
Sweden,2017,10,5.72,Ron van Bruchem
Sweden,2018,7,5.83,Daniel Hermansson
Sweden,2019,14,5.52,Daniel Hermansson
Sweden,2020,4,6.33,Lennart Aspelin
Sweden,2021,6,6.05,Daniel Hermansson
Sweden,2022,20,5.16,Daniel Hermansson
Sweden,2023,88,4.61,Gunnar Kantare Krig
Sweden,2023,88,4.61,Gunnar Krig
Sweden,2024,87,4.6,Daniel Hermansson
Sweden,2025,56,4.58,Lennart Aspelin
Switzerland,2014,2,7.27,Thomas Kohn
Switzerland,2015,6,6.41,Anders Larsson
Switzerland,2016,8,5.58,Tomasz Seweryn
Switzerland,2017,12,5.6,Thomas Stadler
Switzerland,2018,19,4.81,Istv�n Kocza
Switzerland,2019,14,5.01,Istv�n Kocza
Switzerland,2020,4,5.12,Thomas Stadler
Switzerland,2021,5,5.93,Matteo Provasi
Switzerland,2022,10,5.27,Markus Pirzer
Switzerland,2023,12,4.56,Ron van Bruchem
Switzerland,2024,25,4.76,Thomas Stadler
Switzerland,2025,35,4.86,Thomas Stadler
Taiwan,2010,5,7.77,Tyson Mao (???)
Taiwan,2011,5,6.89,Ming-Hao Kang (???)
Taiwan,2012,3,8.03,Kuan-Yu Chen (???)
Taiwan,2013,5,6.69,Ming-Hao Kang (???)
Taiwan,2014,9,6.64,Chia-Leo Lin (???)
Taiwan,2015,14,6.5,Ming-Hao Kang (???)
Taiwan,2016,10,6.1,Chia-Leo Lin (???)
Taiwan,2017,9,5.19,Chia-Leo Lin (???)
Taiwan,2018,11,4.65,Sinpei Araki (????)
Taiwan,2019,14,5.82,Ming-Hao Kang (???)
Taiwan,2020,3,5.86,Chia-Leo Lin (???)
Taiwan,2021,3,5.23,Chia-Leo Lin (???)
Taiwan,2022,10,4.78,Ming-Hao Kang (???)
Taiwan,2023,12,4.86,Chia-Leo Lin (???)
Taiwan,2024,19,4.27,Ming-Hao Kang (???)
Taiwan,2025,9,4.15,Devin Corr-Robinett
Tajikistan,2018,1,8.1,Akash Rupela
Tajikistan,2019,1,8.64,Igor Aipkin
Tajikistan,2023,1,8.56,Igor Aipkin
Thailand,2010,3,8.08,Masayuki Akimoto (????)
Thailand,2011,9,6.78,Lars Petrus
Thailand,2012,2,6.15,Tong Boonrod (???? ??????)
Thailand,2013,1,7.57,Isagani Esteron
Thailand,2014,1,7.1,Tatsuya Ookubo (?????)
Thailand,2015,1,7.8,Tong Boonrod (???? ??????)
Thailand,2016,1,7.08,Tong Boonrod (???? ??????)
Thailand,2017,1,5.5,Tong Boonrod (???? ??????)
Thailand,2018,2,6.66,Patrick Kelly
Thailand,2019,4,5.93,Patrick Kelly
Thailand,2022,4,5.62,Tanai Chaikraveephand (???? ?????????????)
Thailand,2023,16,4.23,Tong Boonrod (???? ??????)
Thailand,2024,22,4.02,SeungWoon Lee (???)
Thailand,2025,14,3.82,SeungWoon Lee (???)
Tonga,2025,1,NULL,NULL
Tunisia,2014,1,14.93,Ron van Bruchem
Tunisia,2015,3,11.42,Philippe Virouleau
Tunisia,2016,3,9.86,Nidhal Amamou
Tunisia,2017,5,8.99,Nidhal Amamou
Tunisia,2018,6,7.29,Sinpei Araki (????)
Tunisia,2019,5,7.48,Cl�ment Cherblanc
Tunisia,2020,1,NULL,NULL
Turkey,2013,2,9.5,Ron van Bruchem
Turkey,2014,3,9.19,Ron van Bruchem
Turkey,2015,2,9.6,Can G�c�yener
Turkey,2016,1,9.05,?skender Aznavur
Turkey,2017,1,7.61,?skender Aznavur
Turkey,2018,7,7.43,Can G�c�yener
Turkey,2019,13,5.71,Can �etin
Turkey,2020,5,7.01,Leon Schmidtchen
Turkey,2021,1,7.44,�mer �etinkaya
Turkey,2022,22,5.31,Ton Dennenbroek
Turkey,2023,23,5.01,Bruno Vervoort
Turkey,2024,23,4.79,Maxim Chechnev
Turkey,2025,21,5.44,Ton Dennenbroek
Uganda,2025,1,10.82,Rayan Parmar
Ukraine,2011,1,9.19,Oliv�r Perge
Ukraine,2012,4,7.86,Anton Goryachikh
Ukraine,2013,7,6.88,Anton Goryachikh
Ukraine,2014,12,6.68,Andrii Kompaniiets (?????? ??????????)
Ukraine,2015,10,6.63,Andrii Kompaniiets (?????? ??????????)
Ukraine,2016,10,6.48,Andrii Kompaniiets (?????? ??????????)
Ukraine,2017,11,6.52,Micha? Halczuk
Ukraine,2018,13,5.34,Andrii Kompaniiets (?????? ??????????)
Ukraine,2019,15,5.83,Andrii Kompaniiets (?????? ??????????)
Ukraine,2020,1,NULL,NULL
Ukraine,2021,4,5.98,Roman Ostapenko (????? ?????????)
Ukraine,2022,9,5.54,Roman Ostapenko (????? ?????????)
Ukraine,2023,20,5.35,Andrii Kompaniiets (?????? ??????????)
Ukraine,2024,17,5.67,D�niel Varga
Ukraine,2025,9,4.77,Denys Haidaichuk
United Arab Emirates,2013,1,12.58,Ron van Bruchem
United Arab Emirates,2016,1,10.33,Shakil Ahmad
United Arab Emirates,2017,4,6.57,Bryan Tala-Oc
United Arab Emirates,2018,2,7.49,Mohammed Arif
United Arab Emirates,2019,3,6.61,Mohammed Arif
United Arab Emirates,2022,2,5.72,Sergey Ryabko
United Arab Emirates,2023,1,6.35,Fawaz Ahmed
United Arab Emirates,2024,2,5.87,Sergey Ryabko
United Arab Emirates,2025,3,5.4,Alexander Eryomin
United Kingdom,2010,3,7.71,Dan Harris
United Kingdom,2011,2,7.66,Sean Connolly
United Kingdom,2012,3,7.4,Sean Connolly
United Kingdom,2013,8,5.96,Kolos K�ntor
United Kingdom,2014,9,6.61,Erik Akkersdijk
United Kingdom,2015,9,6.14,Kolos K�ntor
United Kingdom,2016,8,6.71,Greg Austin
United Kingdom,2017,9,5.8,Thom Barlow
United Kingdom,2018,11,5.1,Erik Akkersdijk
United Kingdom,2019,14,5,Thom Barlow
United Kingdom,2020,4,5.89,Thom Barlow
United Kingdom,2022,32,4.56,Thom Barlow
United Kingdom,2023,55,3.85,Erik Akkersdijk
United Kingdom,2024,67,3.69,Ton Dennenbroek
United Kingdom,2025,58,4.37,Ron van Bruchem
Uruguay,2014,2,10.86,Tom�s Mansilla
Uruguay,2015,5,7.9,Gabriel Dechichi Barbar
Uruguay,2016,5,7.42,Leopoldo Andr�s Ibarra Fuentes
Uruguay,2017,7,5.68,Feliks Zemdegs
Uruguay,2018,6,7.21,Agustin do Campo
Uruguay,2018,6,7.21,Agustin do Campo
Uruguay,2019,2,7.79,Ting Sheng Bao Yang
Uruguay,2020,1,8.5,Mateo Rodr�guez
Uruguay,2021,2,6.44,Agustin do Campo
Uruguay,2021,2,6.44,Agustin do Campo
Uruguay,2022,6,5.66,Agustin do Campo
Uruguay,2022,6,5.66,Agustin do Campo
Uruguay,2023,10,5.76,Mateo Rodr�guez
Uruguay,2024,9,5.86,Guido Dipietro
Uruguay,2025,4,5.74,Sebastiano Benato
United States of America,2010,48,6.94,Lars Petrus
United States of America,2011,52,6.93,Lars Petrus
United States of America,2012,53,6.09,Lars Petrus
United States of America,2013,54,5.88,Lars Petrus
United States of America,2014,66,5.93,David Barr
United States of America,2015,99,4.9,Bob Burton
United States of America,2016,132,5.22,Bob Burton
United States of America,2017,185,4.59,Bob Burton
United States of America,2018,249,4.4,Bob Burton
United States of America,2019,273,4.24,Bob Burton
United States of America,2020,52,4.76,Bob Burton
United States of America,2021,44,4.34,Shelley Chang
United States of America,2022,277,3.63,Chris Hardwick
United States of America,2023,561,3.13,Lars Petrus
United States of America,2024,667,3.46,Jasmine Lee
United States of America,2025,583,3.06,Ron van Bruchem
Uzbekistan,2017,1,11.27,Ron van Bruchem
Uzbekistan,2018,1,8.34,Akash Rupela
Uzbekistan,2019,5,6.7,Cl�ment Cherblanc
Uzbekistan,2020,1,NULL,NULL
Uzbekistan,2021,1,8.34,Abror Abduazizov
Uzbekistan,2022,2,6.52,Nikita Loika
Uzbekistan,2023,5,5.24,Muhammed Ameen
Uzbekistan,2024,4,4.92,Maxim Chechnev
Uzbekistan,2025,4,4.93,Igor Aipkin
Venezuela,2013,2,9.39,Dennis Rosero
Venezuela,2014,9,9.16,Richard Alejandro S�nchez Andueza
Venezuela,2015,12,8.38,Eduard Esteban Garc�a Dom�nguez
Venezuela,2016,11,8.49,Eduard Esteban Garc�a Dom�nguez
Venezuela,2017,7,7.12,Antoine Cantin
Venezuela,2018,6,7.51,Yayi Luna Castro
Venezuela,2019,4,7.01,Enrymar Cisneros
Venezuela,2022,2,7.91,Enrymar Cisneros
Venezuela,2023,11,5.89,Adonis Camacaro
Venezuela,2024,11,5.84,Adonis Camacaro
Venezuela,2025,13,6.22,Adonis Camacaro
Vietnam,2010,2,9.72,Anders Larsson
Vietnam,2011,2,9.44,Anders Larsson
Vietnam,2012,3,9.34,Huan Minh Dao
Vietnam,2013,3,10.02,Toan Do Cong
Vietnam,2014,5,7.52,Preeda Hongpimolmas (????? ???????????)
Vietnam,2015,4,10.06,Hoang Nguyen
Vietnam,2016,6,8.13,Conrad Rider
Vietnam,2017,8,7.5,Toan Do Cong
Vietnam,2018,7,5.68,Nevins Chan Pak Hoong (???)
Vietnam,2019,5,5.9,Toan Do Cong
Vietnam,2020,2,6,Nguy?n Ng?c Th?nh
Vietnam,2022,5,5.53,Asia Konvittayayotin (?????? ???????????)
Vietnam,2023,3,4.01,Chan Tak Chuen (???)
Vietnam,2024,12,4.72,Ron van Bruchem
Vietnam,2025,4,3.48,Chan Tak Chuen (???)
XA,2015,1,NULL,NULL
XA,2016,2,NULL,NULL
XA,2017,1,NULL,NULL
XA,2018,3,NULL,NULL
XA,2019,1,NULL,NULL
XE,2013,1,10.88,Anti Ingel
XE,2015,1,NULL,NULL
XE,2016,1,NULL,NULL
XE,2017,1,NULL,NULL
XE,2018,1,NULL,NULL
XE,2019,1,NULL,NULL
XE,2024,8,NULL,NULL
XE,2025,3,NULL,NULL
XM,2017,1,NULL,NULL
XM,2018,1,NULL,NULL
XM,2019,1,NULL,NULL
XM,2023,1,NULL,NULL
XM,2025,2,NULL,NULL
XN,2019,1,NULL,NULL
XN,2023,1,NULL,NULL
XN,2025,1,NULL,NULL
XO,2024,1,NULL,NULL
XS,2016,1,NULL,NULL
XS,2024,2,NULL,NULL
XS,2025,1,NULL,NULL
XW,2019,1,NULL,NULL
XW,2024,2,NULL,NULL
XW,2025,3,NULL,NULL
Zambia,2025,1,9.82,Maverick Pearson
