countryId	personId	name	single_seconds	eventId	rank_in_country
Afghanistan	2024HEYD02	Mohammad Sharif Heydari	9.5600	333	1
Afghanistan	2024HEYD02	Mohammad Sharif Heydari	9.7100	333	2
Afghanistan	2023RASU02	Bawar Rasuli	11.6200	333	3
Afghanistan	2018TWAI01	Ahmad Fayaz Twaibie	12.3700	333	4
Afghanistan	2023RASU02	Bawar Rasuli	12.5700	333	5
Afghanistan	2018TWAI01	Ahmad Fayaz Twaibie	12.6100	333	6
Afghanistan	2023RASU02	Bawar Rasuli	12.6700	333	7
Afghanistan	2023RASU02	Bawar Rasuli	12.8500	333	8
Afghanistan	2020ASKA01	Aftaab Askary	12.8900	333	9
Afghanistan	2020ASKA01	Aftaab Askary	12.9200	333	10
Albania	2022MAKO03	Thomas Mako	7.2400	333	1
Albania	2022MAKO03	Thomas Mako	7.3600	333	2
Albania	2022MAKO03	Thomas Mako	7.5000	333	3
Albania	2022MAKO03	Thomas Mako	7.8100	333	4
Albania	2022MAKO03	Thomas Mako	7.8800	333	5
Albania	2024ANDO02	Andis Andoni	8.1200	333	6
Albania	2022MAKO03	Thomas Mako	8.2100	333	7
Albania	2022MAKO03	Thomas Mako	8.2500	333	8
Albania	2022MAKO03	Thomas Mako	8.4700	333	9
Albania	2022MAKO03	Thomas Mako	8.6900	333	10
Algeria	2016YASS01	Yassine Bettahar	6.7300	333	1
Algeria	2016YASS01	Yassine Bettahar	6.7400	333	2
Algeria	2023BOUD02	Abdou El Barri I. H. Boudjeltia	6.9300	333	3
Algeria	2023BOUD02	Abdou El Barri I. H. Boudjeltia	7.1700	333	4
Algeria	2023BOUD02	Abdou El Barri I. H. Boudjeltia	7.4400	333	5
Algeria	2016YASS01	Yassine Bettahar	7.6100	333	6
Algeria	2023BOUD02	Abdou El Barri I. H. Boudjeltia	7.9700	333	7
Algeria	2016YASS01	Yassine Bettahar	8.3800	333	8
Algeria	2016YASS01	Yassine Bettahar	8.4800	333	9
Algeria	2016YASS01	Yassine Bettahar	8.5400	333	10
Andorra	2021SAMP01	Albert Mandic Sampol	7.5800	333	1
Andorra	2021SAMP01	Albert Mandic Sampol	7.5800	333	1
Andorra	2021SAMP01	Albert Mandic Sampol	7.5800	333	1
Andorra	2021SAMP01	Albert Mandic Sampol	7.6200	333	2
Andorra	2021SAMP01	Albert Mandic Sampol	7.6200	333	2
Andorra	2021SAMP01	Albert Mandic Sampol	7.6200	333	2
Andorra	2021SAMP01	Albert Mandic Sampol	8.1200	333	3
Andorra	2021SAMP01	Albert Mandic Sampol	8.1200	333	3
Andorra	2021SAMP01	Albert Mandic Sampol	8.1200	333	3
Andorra	2021SAMP01	Albert Mandic Sampol	8.1400	333	4
Andorra	2021SAMP01	Albert Mandic Sampol	8.1400	333	4
Andorra	2021SAMP01	Albert Mandic Sampol	8.1400	333	4
Andorra	2021SAMP01	Albert Mandic Sampol	8.4600	333	5
Andorra	2021SAMP01	Albert Mandic Sampol	8.4600	333	5
Andorra	2021SAMP01	Albert Mandic Sampol	8.4600	333	5
Andorra	2021SAMP01	Albert Mandic Sampol	8.4600	333	6
Andorra	2021SAMP01	Albert Mandic Sampol	8.4600	333	6
Andorra	2021SAMP01	Albert Mandic Sampol	8.4600	333	6
Andorra	2021SAMP01	Albert Mandic Sampol	8.5800	333	7
Andorra	2021SAMP01	Albert Mandic Sampol	8.5800	333	7
Andorra	2021SAMP01	Albert Mandic Sampol	8.5800	333	7
Andorra	2021SAMP01	Albert Mandic Sampol	8.7300	333	8
Andorra	2021SAMP01	Albert Mandic Sampol	8.7300	333	8
Andorra	2021SAMP01	Albert Mandic Sampol	8.7300	333	8
Andorra	2021SAMP01	Albert Mandic Sampol	8.8000	333	9
Andorra	2021SAMP01	Albert Mandic Sampol	8.8000	333	9
Andorra	2021SAMP01	Albert Mandic Sampol	8.8000	333	9
Andorra	2021SAMP01	Albert Mandic Sampol	8.8200	333	10
Andorra	2021SAMP01	Albert Mandic Sampol	8.8200	333	10
Andorra	2021SAMP01	Albert Mandic Sampol	8.8200	333	10
Angola	2023SANT32	Roger Nataniel Issassa dos Santos	8.2200	333	1
Angola	2023SANT32	Roger Nataniel Issassa dos Santos	8.2500	333	2
Angola	2023MANU05	Jos Francisco Manuel	8.5100	333	3
Angola	2023SANT32	Roger Nataniel Issassa dos Santos	8.6400	333	4
Angola	2023SANT32	Roger Nataniel Issassa dos Santos	8.8700	333	5
Angola	2023MANU05	Jos Francisco Manuel	9.1700	333	6
Angola	2023MANU05	Jos Francisco Manuel	9.2600	333	7
Angola	2023RUSS11	Kiary Roque Russo	9.3600	333	8
Angola	2023BATA02	Hilton Adolfo Cardoso Batalha	9.4200	333	9
Angola	2023SANT32	Roger Nataniel Issassa dos Santos	9.4400	333	10
Antigua and Barbuda	2024RAGH07	Neel J. Raghani	17.4000	333	1
Argentina	2017GOLU01	Theo Goluboff	4.4900	333	1
Argentina	2017GOLU01	Theo Goluboff	4.6000	333	2
Argentina	2017GOLU01	Theo Goluboff	4.6200	333	3
Argentina	2014BONA02	Bautista Bonazzola	4.7200	333	4
Argentina	2017GOLU01	Theo Goluboff	4.7800	333	5
Argentina	2017GOLU01	Theo Goluboff	4.7900	333	6
Argentina	2017GOLU01	Theo Goluboff	4.8900	333	7
Argentina	2014BONA02	Bautista Bonazzola	4.9200	333	8
Argentina	2017GUTM01	Manuel Gutman	4.9300	333	9
Argentina	2017GOLU01	Theo Goluboff	5.1500	333	10
Armenia	2022SHAH29	Grigor Shahverdyan	7.2400	333	1
Armenia	2022SHAH29	Grigor Shahverdyan	7.4100	333	2
Armenia	2015JRAG01	Mayis Jraghatspanyan	7.7700	333	3
Armenia	2022SHAH29	Grigor Shahverdyan	7.8200	333	4
Armenia	2022SHAH29	Grigor Shahverdyan	7.8900	333	5
Armenia	2022SHAH29	Grigor Shahverdyan	7.9300	333	6
Armenia	2022SHAH29	Grigor Shahverdyan	8.1100	333	7
Armenia	2015JRAG01	Mayis Jraghatspanyan	8.1700	333	8
Armenia	2022SHAH29	Grigor Shahverdyan	8.2200	333	9
Armenia	2015JRAG01	Mayis Jraghatspanyan	8.2400	333	10
Australia	2016JONE04	Jode Brewster	3.8800	333	1
Australia	2022TANR02	Ryan Tan	4.0300	333	2
Australia	2009ZEMD01	Feliks Zemdegs	4.1600	333	3
Australia	2016DEXT01	Riley Dexter	4.1900	333	4
Australia	2016DEXT01	Riley Dexter	4.2100	333	5
Australia	2009ZEMD01	Feliks Zemdegs	4.2200	333	6
Australia	2009ZEMD01	Feliks Zemdegs	4.2200	333	7
Australia	2009ZEMD01	Feliks Zemdegs	4.2900	333	8
Australia	2021SEUF01	Toby Seufert	4.2900	333	9
Australia	2009ZEMD01	Feliks Zemdegs	4.3600	333	10
Austria	2022FEDE01	Alwin Federsel	4.7200	333	1
Austria	2022FEDE01	Alwin Federsel	4.9200	333	2
Austria	2022FEDE01	Alwin Federsel	4.9700	333	3
Austria	2022FEDE01	Alwin Federsel	5.0400	333	4
Austria	2022FEDE01	Alwin Federsel	5.0600	333	5
Austria	2022STRA10	Thomas Strasser	5.3400	333	6
Austria	2022FEDE01	Alwin Federsel	5.3500	333	7
Austria	2022FEDE01	Alwin Federsel	5.4700	333	8
Austria	2022FEDE01	Alwin Federsel	5.4700	333	9
Austria	2013TRUC01	Florian Truckenthanner	5.5200	333	10
Azerbaijan	2015NABI01	Javid Nabizade	7.3200	333	1
Azerbaijan	2015NABI01	Javid Nabizade	7.6100	333	2
Azerbaijan	2015NABI01	Javid Nabizade	7.6200	333	3
Azerbaijan	2015NABI01	Javid Nabizade	7.6300	333	4
Azerbaijan	2015NABI01	Javid Nabizade	7.6700	333	5
Azerbaijan	2015NABI01	Javid Nabizade	7.7900	333	6
Azerbaijan	2015NABI01	Javid Nabizade	7.8500	333	7
Azerbaijan	2015NABI01	Javid Nabizade	7.8700	333	8
Azerbaijan	2015NABI01	Javid Nabizade	7.8800	333	9
Azerbaijan	2015NABI01	Javid Nabizade	7.9200	333	10
Bahamas	2022YOUN08	Isabella Young	11.3200	333	1
Bahamas	2022YOUN08	Isabella Young	12.1600	333	2
Bahamas	2022YOUN08	Isabella Young	12.3200	333	3
Bahamas	2022YOUN08	Isabella Young	12.7800	333	4
Bahamas	2022YOUN08	Isabella Young	12.8500	333	5
Bahamas	2022YOUN08	Isabella Young	14.3900	333	6
Bahamas	2022YOUN08	Isabella Young	14.5700	333	7
Bahamas	2024UNWA01	Nikhil Unwala	17.0600	333	8
Bahamas	2024UNWA01	Nikhil Unwala	22.5500	333	9
Bahamas	2024UNWA01	Nikhil Unwala	22.7600	333	10
Bahrain	2019NESA01	Hasan Aqeel Nesaif	6.2100	333	1
Bahrain	2018ALHA03	Daniel Adel Alhayki	7.1500	333	2
Bahrain	2019NESA01	Hasan Aqeel Nesaif	7.3000	333	3
Bahrain	2019NESA01	Hasan Aqeel Nesaif	7.5300	333	4
Bahrain	2019NESA01	Hasan Aqeel Nesaif	7.6500	333	5
Bahrain	2019NESA01	Hasan Aqeel Nesaif	7.8200	333	6
Bahrain	2018ALHA03	Daniel Adel Alhayki	8.1300	333	7
Bahrain	2018ALHA03	Daniel Adel Alhayki	8.1400	333	8
Bahrain	2019NESA01	Hasan Aqeel Nesaif	8.2800	333	9
Bahrain	2019NESA01	Hasan Aqeel Nesaif	8.3100	333	10
Bangladesh	2023ISLA08	Mosfikul Islam	5.2300	333	1
Bangladesh	2017SAHI01	Taosif Amin Sahil	5.3900	333	2
Bangladesh	2022ISLA04	Md Tafsirul Islam	5.9400	333	3
Bangladesh	2023ISLA08	Mosfikul Islam	6.0300	333	4
Bangladesh	2017SAHI01	Taosif Amin Sahil	6.0300	333	5
Bangladesh	2023NAZI02	Muntazim Billah Nazif	6.0400	333	6
Bangladesh	2017SAHI01	Taosif Amin Sahil	6.1100	333	7
Bangladesh	2017SAHI01	Taosif Amin Sahil	6.1700	333	8
Bangladesh	2018FAHI02	Farhan Tanvir Fahim	6.1700	333	9
Bangladesh	2023DASA02	Avirup Das	6.1900	333	10
Barbados	2025REEC01	Lukas Anderson Reece	12.9300	333	1
Barbados	2018YEDD01	Riya Yeddula	13.5800	333	2
Barbados	2018YEDD01	Riya Yeddula	13.5800	333	2
Barbados	2018YEDD01	Riya Yeddula	15.1500	333	3
Barbados	2018YEDD01	Riya Yeddula	15.1500	333	3
Barbados	2025FARL01	Jeremiah E. D. Farley	15.8700	333	4
Barbados	2018YEDD01	Riya Yeddula	16.2100	333	5
Barbados	2018YEDD01	Riya Yeddula	16.2100	333	5
Barbados	2025HIND01	Kendan Nathan Hinds	17.1800	333	6
Barbados	2025ARMS01	Austin Armstrong	17.7000	333	7
Barbados	2025HIND01	Kendan Nathan Hinds	17.8400	333	8
Barbados	2018YEDD01	Riya Yeddula	18.0700	333	9
Barbados	2018YEDD01	Riya Yeddula	18.0700	333	9
Barbados	2025FARL01	Jeremiah E. D. Farley	18.6200	333	10
Belarus	2018DRAN01	Platon Dranchuk	5.9800	333	1
Belarus	2018DRAN01	Platon Dranchuk	6.3600	333	2
Belarus	2013KAMI03	Vladislav Kaminskiy	6.3600	333	3
Belarus	2013YUSH01	Pavel Yushkevich	6.3700	333	4
Belarus	2018DRAN01	Platon Dranchuk	6.4000	333	5
Belarus	2017SMIR01	Vadzim Smirnou	6.4600	333	6
Belarus	2018DRAN01	Platon Dranchuk	6.5600	333	7
Belarus	2013KAMI03	Vladislav Kaminskiy	6.7600	333	8
Belarus	2023HRAB02	Garold Hrabavets	6.8000	333	9
Belarus	2023HRAB02	Garold Hrabavets	6.8000	333	9
Belarus	2013MAMO03	Kirill Mamonov	6.8200	333	10
Belgium	2021ROET01	Victor Roets	5.1300	333	1
Belgium	2021ROET01	Victor Roets	5.3700	333	2
Belgium	2017STRU01	Milan Struyf	5.8800	333	3
Belgium	2021ROET01	Victor Roets	5.9700	333	4
Belgium	2017DAVI21	Guillaume David	6.0100	333	5
Belgium	2017DAVI21	Guillaume David	6.0800	333	6
Belgium	2021ROET01	Victor Roets	6.0800	333	7
Belgium	2021ROET01	Victor Roets	6.1200	333	8
Belgium	2011VERV01	Bruno Vervoort	6.1200	333	9
Belgium	2011VERV01	Bruno Vervoort	6.1500	333	10
Belize	2008SEAR01	Anthony Brooks	5.4400	333	1
Belize	2008SEAR01	Anthony Brooks	5.4400	333	1
Belize	2008SEAR01	Anthony Brooks	5.5600	333	2
Belize	2008SEAR01	Anthony Brooks	5.5600	333	2
Belize	2008SEAR01	Anthony Brooks	5.9000	333	3
Belize	2008SEAR01	Anthony Brooks	5.9000	333	3
Belize	2008SEAR01	Anthony Brooks	6.1400	333	4
Belize	2008SEAR01	Anthony Brooks	6.1400	333	4
Belize	2008SEAR01	Anthony Brooks	6.1600	333	5
Belize	2008SEAR01	Anthony Brooks	6.1600	333	5
Belize	2008SEAR01	Anthony Brooks	6.2700	333	6
Belize	2008SEAR01	Anthony Brooks	6.2700	333	6
Belize	2008SEAR01	Anthony Brooks	6.3200	333	7
Belize	2008SEAR01	Anthony Brooks	6.3200	333	7
Belize	2008SEAR01	Anthony Brooks	6.3700	333	8
Belize	2008SEAR01	Anthony Brooks	6.3700	333	8
Belize	2008SEAR01	Anthony Brooks	6.3700	333	9
Belize	2008SEAR01	Anthony Brooks	6.3700	333	9
Belize	2008SEAR01	Anthony Brooks	6.3900	333	10
Belize	2008SEAR01	Anthony Brooks	6.3900	333	10
Bhutan	2025WANG29	Pema Wangchuk	13.7500	333	1
Bhutan	2025WANG29	Pema Wangchuk	14.6000	333	2
Bhutan	2025WANG29	Pema Wangchuk	14.8100	333	3
Bhutan	2022DORJ01	Jigme Paldhen Dorji	15.0900	333	4
Bhutan	2022DORJ01	Jigme Paldhen Dorji	18.0800	333	5
Bhutan	2017TOBG01	Jigdrel Tobgay	18.3300	333	6
Bhutan	2022DORJ01	Jigme Paldhen Dorji	19.6200	333	7
Bhutan	2017TOBG01	Jigdrel Tobgay	19.6300	333	8
Bhutan	2017TOBG01	Jigdrel Tobgay	20.3800	333	9
Bhutan	2017TOBG01	Jigdrel Tobgay	22.5900	333	10
Bolivia	2015VACA01	Rodrigo Paz Vaca	5.8800	333	1
Bolivia	2016CABE01	Ignacio Mita Cabezas	6.0200	333	2
Bolivia	2015VACA01	Rodrigo Paz Vaca	6.0400	333	3
Bolivia	2015VACA01	Rodrigo Paz Vaca	6.2200	333	4
Bolivia	2015VACA01	Rodrigo Paz Vaca	6.2400	333	5
Bolivia	2017DELG12	Enrique Adolfo Delgado	6.2900	333	6
Bolivia	2015VACA01	Rodrigo Paz Vaca	6.3100	333	7
Bolivia	2015VACA01	Rodrigo Paz Vaca	6.3500	333	8
Bolivia	2017CALL03	Dylan Aramayo Calle	6.3700	333	9
Bolivia	2015VACA01	Rodrigo Paz Vaca	6.4400	333	10
Bosnia and Herzegovina	2022ALEK01	Filip Aleksi	6.8000	333	1
Bosnia and Herzegovina	2017VIDO01	Mihael Vido	7.1300	333	2
Bosnia and Herzegovina	2022ALEK01	Filip Aleksi	7.7600	333	3
Bosnia and Herzegovina	2017VIDO01	Mihael Vido	7.8200	333	4
Bosnia and Herzegovina	2021MIKU01	Andrej Mikuli	7.9400	333	5
Bosnia and Herzegovina	2017VIDO01	Mihael Vido	7.9600	333	6
Bosnia and Herzegovina	2022ALEK01	Filip Aleksi	8.0300	333	7
Bosnia and Herzegovina	2022ALEK01	Filip Aleksi	8.0700	333	8
Bosnia and Herzegovina	2022ALEK01	Filip Aleksi	8.0700	333	9
Bosnia and Herzegovina	2017VUJN01	Nemanja Vujnovi	8.0900	333	10
Botswana	2025HAAR01	Thomas ter Haar	29.3500	333	1
Brazil	2016SATO01	Caio Hideaki Sato	4.3700	333	1
Brazil	2016SATO01	Caio Hideaki Sato	4.3700	333	2
Brazil	2016SATO01	Caio Hideaki Sato	4.3800	333	3
Brazil	2016SATO01	Caio Hideaki Sato	4.5100	333	4
Brazil	2016SATO01	Caio Hideaki Sato	4.5300	333	5
Brazil	2016SATO01	Caio Hideaki Sato	4.5500	333	6
Brazil	2016SATO01	Caio Hideaki Sato	4.5800	333	7
Brazil	2016SATO01	Caio Hideaki Sato	4.5800	333	8
Brazil	2016SATO01	Caio Hideaki Sato	4.5900	333	9
Brazil	2016SATO01	Caio Hideaki Sato	4.6000	333	10
Brunei	2024LOKT01	Ting Kah Lok	8.2700	333	1
Brunei	2024ERNJ01	Emma Chan Ern-Jia	8.3500	333	2
Brunei	2025FAUD01	Mohammad Dzulhusnee Haji Shamsol Iskandar Haris Faudillah	8.9500	333	3
Brunei	2024LOKT01	Ting Kah Lok	9.0300	333	4
Brunei	2025FAUD01	Mohammad Dzulhusnee Haji Shamsol Iskandar Haris Faudillah	9.1100	333	5
Brunei	2025FAUD01	Mohammad Dzulhusnee Haji Shamsol Iskandar Haris Faudillah	9.3900	333	6
Brunei	2025FAUD01	Mohammad Dzulhusnee Haji Shamsol Iskandar Haris Faudillah	9.5600	333	7
Brunei	2024LOKT01	Ting Kah Lok	9.5900	333	8
Brunei	2024LOKT01	Ting Kah Lok	9.7800	333	9
Brunei	2025FAUD01	Mohammad Dzulhusnee Haji Shamsol Iskandar Haris Faudillah	10.4300	333	10
Bulgaria	2018VICH01	Ivaylo Ivaylov Vichev	5.4100	333	1
Bulgaria	2015TANE02	Ivaylo Tanev	5.8900	333	2
Bulgaria	2022KALE01	Kaloyan Vladimirov Kalev	6.1400	333	3
Bulgaria	2018VICH01	Ivaylo Ivaylov Vichev	6.3600	333	4
Bulgaria	2015TANE02	Ivaylo Tanev	6.5300	333	5
Bulgaria	2018VICH01	Ivaylo Ivaylov Vichev	6.5900	333	6
Bulgaria	2022RICH11	Alexander Richetta	6.6000	333	7
Bulgaria	2018VICH01	Ivaylo Ivaylov Vichev	6.7000	333	8
Bulgaria	2015TANE02	Ivaylo Tanev	6.7000	333	9
Bulgaria	2019BASH06	Ilian Bashev	6.7100	333	10
Cambodia	2023YOSH06	Kotaro Yoshida	6.0200	333	1
Cambodia	2023YOSH06	Kotaro Yoshida	6.4500	333	2
Cambodia	2023YOSH06	Kotaro Yoshida	6.9500	333	3
Cambodia	2023YOSH06	Kotaro Yoshida	7.1100	333	4
Cambodia	2024PISO01	Neav Nouv Samel Panha Pisoth	7.1200	333	5
Cambodia	2023YOSH06	Kotaro Yoshida	7.3200	333	6
Cambodia	2023YOSH06	Kotaro Yoshida	7.3500	333	7
Cambodia	2023YOSH06	Kotaro Yoshida	7.4000	333	8
Cambodia	2023YOSH06	Kotaro Yoshida	7.4800	333	9
Cambodia	2023YOSH06	Kotaro Yoshida	7.5100	333	10
Cameroon	2023NGAN02	Johan Alex Tabeko Ngankam	17.9300	333	1
Cameroon	2024TALL04	Geordy Talla	18.6600	333	2
Cameroon	2023NGAN02	Johan Alex Tabeko Ngankam	20.1000	333	3
Cameroon	2023NGAN02	Johan Alex Tabeko Ngankam	24.0800	333	4
Cameroon	2023NGAN02	Johan Alex Tabeko Ngankam	25.5900	333	5
Cameroon	2024TANG28	Chris Tangpi	27.6500	333	6
Cameroon	2024TANG28	Chris Tangpi	35.7700	333	7
Cameroon	2024TANG28	Chris Tangpi	43.8000	333	8
Canada	2017SARE03	Arhaan Sareen	4.1300	333	1
Canada	2016LINB01	Brennen Lin	4.1400	333	2
Canada	2016SANT08	Kyle Santucci	4.2600	333	3
Canada	2016SANT08	Kyle Santucci	4.3200	333	4
Canada	2016SANT08	Kyle Santucci	4.3500	333	5
Canada	2017YEHM01	Morgan Yeh	4.3800	333	6
Canada	2016SANT08	Kyle Santucci	4.4100	333	7
Canada	2016LINB01	Brennen Lin	4.4700	333	8
Canada	2016SANT08	Kyle Santucci	4.4800	333	9
Canada	2016LINB01	Brennen Lin	4.5000	333	10
Chile	2019BRUN02	Claudio Matias Cancino Bruna	3.7400	333	1
Chile	2019LAND01	Agustn Mera Landa	4.2400	333	2
Chile	2019BRUN02	Claudio Matias Cancino Bruna	4.2800	333	3
Chile	2019BRUN02	Claudio Matias Cancino Bruna	4.6900	333	4
Chile	2019BRUN02	Claudio Matias Cancino Bruna	4.7200	333	5
Chile	2019BRUN02	Claudio Matias Cancino Bruna	4.8300	333	6
Chile	2019GONZ39	Gustavo Ignacio Pineda Gonzalez	5.0100	333	7
Chile	2019BRUN02	Claudio Matias Cancino Bruna	5.0200	333	8
Chile	2019BRUN02	Claudio Matias Cancino Bruna	5.1000	333	9
Chile	2019BRUN02	Claudio Matias Cancino Bruna	5.1900	333	10
China	2023GENG02	Xuanyi Geng	3.0500	333	1
China	2019WANY36	Yiheng Wang	3.0600	333	2
China	2019WANY36	Yiheng Wang	3.0600	333	3
China	2019WANY36	Yiheng Wang	3.0800	333	4
China	2019WANY36	Yiheng Wang	3.0900	333	5
China	2019WANY36	Yiheng Wang	3.2400	333	6
China	2017XURU04	Ruihang Xu	3.2400	333	7
China	2019WANY36	Yiheng Wang	3.2700	333	8
China	2019WANY36	Yiheng Wang	3.3200	333	9
China	2019WANY36	Yiheng Wang	3.3500	333	10
Colombia	2021SOTO01	Juan Miguel Saboya Soto	4.5200	333	1
Colombia	2021SOTO01	Juan Miguel Saboya Soto	5.0000	333	2
Colombia	2021SOTO01	Juan Miguel Saboya Soto	5.1700	333	3
Colombia	2017ECHE04	Alejandro Restrepo Echeverri	5.2200	333	4
Colombia	2021SOTO01	Juan Miguel Saboya Soto	5.3600	333	5
Colombia	2021SOTO01	Juan Miguel Saboya Soto	5.4200	333	6
Colombia	2021SOTO01	Juan Miguel Saboya Soto	5.4700	333	7
Colombia	2021SOTO01	Juan Miguel Saboya Soto	5.5200	333	8
Colombia	2018MART75	David Rendn Martnez	5.5400	333	9
Colombia	2021SOTO01	Juan Miguel Saboya Soto	5.5500	333	10
Congo	2023NZOL01	David Nzolanzofou	19.3800	333	1
Congo	2023NZOL01	David Nzolanzofou	20.8300	333	2
Congo	2023NZOL01	David Nzolanzofou	23.6300	333	3
Congo	2023KAZA01	Codell Kabamba Kazadi	25.8600	333	4
Congo	2023KAZA01	Codell Kabamba Kazadi	26.6000	333	5
Congo	2023NZOL01	David Nzolanzofou	28.6100	333	6
Congo	2023KAZA01	Codell Kabamba Kazadi	28.6300	333	7
Congo	2023KAZA01	Codell Kabamba Kazadi	29.0000	333	8
Congo	2023KAZA01	Codell Kabamba Kazadi	29.1900	333	9
Costa Rica	2019ALVA06	Daniel Josu Sand Alvarado	6.5100	333	1
Costa Rica	2017LIAN32	Andrs Iras Li	6.7700	333	2
Costa Rica	2017RODR51	Christian Rodrguez	6.7900	333	3
Costa Rica	2019ALVA06	Daniel Josu Sand Alvarado	6.8900	333	4
Costa Rica	2019ALVA06	Daniel Josu Sand Alvarado	6.9400	333	5
Costa Rica	2017LIAN32	Andrs Iras Li	6.9800	333	6
Costa Rica	2017LIAN32	Andrs Iras Li	7.0400	333	7
Costa Rica	2017LIAN32	Andrs Iras Li	7.0600	333	8
Costa Rica	2019ALVA06	Daniel Josu Sand Alvarado	7.0700	333	9
Costa Rica	2017POMA02	Sebastin Herrera Pomares	7.1300	333	10
Cote d_Ivoire	2025CARL05	Brega Zoro Donald Carlos	11.9000	333	1
Cote d_Ivoire	2025CARL05	Brega Zoro Donald Carlos	12.1400	333	2
Cote d_Ivoire	2025LATH01	Amari Jean-Charles Lath	13.0400	333	3
Cote d_Ivoire	2025LATH01	Amari Jean-Charles Lath	13.7300	333	4
Cote d_Ivoire	2007AMAN01	Etienne Amany	13.8400	333	5
Cote d_Ivoire	2025ESPE01	Konan Kouadio Esprance	14.3300	333	6
Cote d_Ivoire	2025ESPE01	Konan Kouadio Esprance	14.5500	333	7
Cote d_Ivoire	2016KOFF01	Errol Koffi	16.4700	333	8
Cote d_Ivoire	2007AMAN01	Etienne Amany	16.6300	333	9
Cote d_Ivoire	2025PARF02	Oula Deoudi Nol Parfait	17.1400	333	10
Croatia	2015VUJA01	David Vujasi	5.5500	333	1
Croatia	2015VUJA01	David Vujasi	5.7800	333	2
Croatia	2024BEDE01	Lana Bedek	5.9200	333	3
Croatia	2015BELJ01	Toni Beljo	6.5400	333	4
Croatia	2015BELJ01	Toni Beljo	6.5400	333	4
Croatia	2015BELJ01	Toni Beljo	6.5400	333	4
Croatia	2015BELJ01	Toni Beljo	6.5400	333	5
Croatia	2015BELJ01	Toni Beljo	6.5400	333	5
Croatia	2015BELJ01	Toni Beljo	6.5400	333	5
Croatia	2015BELJ01	Toni Beljo	6.5700	333	6
Croatia	2015BELJ01	Toni Beljo	6.5700	333	6
Croatia	2015BELJ01	Toni Beljo	6.5700	333	6
Croatia	2015VUJA01	David Vujasi	6.7000	333	7
Croatia	2015VUJA01	David Vujasi	6.7700	333	8
Croatia	2015VUJA01	David Vujasi	6.7900	333	9
Croatia	2015VUJA01	David Vujasi	6.7900	333	10
Cuba	2022ARZO01	Daniel Orlando Valdes Arzola	7.7300	333	1
Cuba	2022ARZO01	Daniel Orlando Valdes Arzola	7.7300	333	2
Cuba	2022ARZO01	Daniel Orlando Valdes Arzola	8.1600	333	3
Cuba	2022ARZO01	Daniel Orlando Valdes Arzola	8.6800	333	4
Cuba	2022ARZO01	Daniel Orlando Valdes Arzola	9.1400	333	5
Cuba	2022ARZO01	Daniel Orlando Valdes Arzola	9.3300	333	6
Cuba	2022ARZO01	Daniel Orlando Valdes Arzola	9.5000	333	7
Cuba	2022ARZO01	Daniel Orlando Valdes Arzola	10.2200	333	8
Cuba	2023AVAL04	Yunier Avalo	12.2100	333	9
Cuba	2024PANE02	Ceyln Guerrero Paneca	12.6900	333	10
Cyprus	2017ELEF02	Michael Eleftheriades	6.2600	333	1
Cyprus	2017ELEF02	Michael Eleftheriades	6.4400	333	2
Cyprus	2020ISAI01	Panayiotis Isaia	6.9200	333	3
Cyprus	2020ISAI01	Panayiotis Isaia	6.9400	333	4
Cyprus	2017ELEF02	Michael Eleftheriades	7.2200	333	5
Cyprus	2017ELEF02	Michael Eleftheriades	7.2700	333	6
Cyprus	2024KKAR01	Sotiris Kkaras	7.4800	333	7
Cyprus	2024KKAR01	Sotiris Kkaras	7.4800	333	8
Cyprus	2017ELEF02	Michael Eleftheriades	7.5400	333	9
Cyprus	2020PROT01	Spyridon Protopapas	7.6700	333	10
Czech Republic	2015GROH02	Matj Grohmann	4.9700	333	1
Czech Republic	2023NESI01	David Nesiba	5.0100	333	2
Czech Republic	2015GROH02	Matj Grohmann	5.3000	333	3
Czech Republic	2023BASL02	Krytof Basl	5.3200	333	4
Czech Republic	2015GROH02	Matj Grohmann	5.3300	333	5
Czech Republic	2023BASL02	Krytof Basl	5.4000	333	6
Czech Republic	2023BASL02	Krytof Basl	5.4400	333	7
Czech Republic	2023HERI02	Max Herink	5.5100	333	8
Czech Republic	2014QUYN02	Tom Nguyen	5.5500	333	9
Czech Republic	2014QUYN02	Tom Nguyen	5.5500	333	9
Czech Republic	2022KORI01	Adam Konek	5.6000	333	10
Democratic Republic of the Congo	2025KAHU01	Danny Kahumba	103.7900	333	1
Democratic Republic of the Congo	2025KAHU01	Danny Kahumba	104.7200	333	2
Democratic Republic of the Congo	2019KAZA02	Fabrice Kazadi	112.5700	333	3
Denmark	2016SHEL03	Lukas Shelley	4.4200	333	1
Denmark	2013EGDA02	Martin Vdele Egdal	4.7500	333	2
Denmark	2013EGDA02	Martin Vdele Egdal	4.8600	333	3
Denmark	2013EGDA02	Martin Vdele Egdal	4.9900	333	4
Denmark	2013EGDA02	Martin Vdele Egdal	5.0200	333	5
Denmark	2014DETL01	Rasmus Stub Detlefsen	5.0300	333	6
Denmark	2013EGDA02	Martin Vdele Egdal	5.0600	333	7
Denmark	2013EGDA02	Martin Vdele Egdal	5.0600	333	8
Denmark	2013EGDA02	Martin Vdele Egdal	5.0800	333	9
Denmark	2013EGDA02	Martin Vdele Egdal	5.1200	333	10
Dominican Republic	2018PENA01	Cristian Samuel Carasco Pea	4.6100	333	1
Dominican Republic	2018PENA01	Cristian Samuel Carasco Pea	5.8000	333	2
Dominican Republic	2018PENA01	Cristian Samuel Carasco Pea	5.9900	333	3
Dominican Republic	2018PENA01	Cristian Samuel Carasco Pea	6.2200	333	4
Dominican Republic	2018PENA01	Cristian Samuel Carasco Pea	6.4100	333	5
Dominican Republic	2018PENA01	Cristian Samuel Carasco Pea	6.6200	333	6
Dominican Republic	2018PENA01	Cristian Samuel Carasco Pea	6.6500	333	7
Dominican Republic	2018PENA01	Cristian Samuel Carasco Pea	6.8100	333	8
Dominican Republic	2018PENA01	Cristian Samuel Carasco Pea	6.9200	333	9
Dominican Republic	2018PENA01	Cristian Samuel Carasco Pea	6.9400	333	10
Ecuador	2018LUDE01	Anthony Gerard lvarez Ludea	5.6100	333	1
Ecuador	2018LUDE01	Anthony Gerard lvarez Ludea	6.7000	333	2
Ecuador	2017ESTR04	Dereck Estrada	6.7900	333	3
Ecuador	2017ESTR04	Dereck Estrada	7.0700	333	4
Ecuador	2018LUDE01	Anthony Gerard lvarez Ludea	7.0700	333	5
Ecuador	2017ESTR04	Dereck Estrada	7.1700	333	6
Ecuador	2017ESTR04	Dereck Estrada	7.2200	333	7
Ecuador	2021BENA01	Mateo Baruc Mero Benavides	7.2500	333	8
Ecuador	2017ESTR04	Dereck Estrada	7.2900	333	9
Ecuador	2018SORI05	Alexander Vera Soria	7.3300	333	10
Egypt	2019ESKA02	Hannah Nader Eskander	6.4600	333	1
Egypt	2019ESKA02	Hannah Nader Eskander	6.7800	333	2
Egypt	2019ESKA02	Hannah Nader Eskander	7.1000	333	3
Egypt	2019ESKA02	Hannah Nader Eskander	7.4600	333	4
Egypt	2019ESKA02	Hannah Nader Eskander	7.5400	333	5
Egypt	2023EYAD01	Eyad Moataz Osama Mohamed Eyad	7.9300	333	6
Egypt	2019ESKA02	Hannah Nader Eskander	7.9700	333	7
Egypt	2019ESKA02	Hannah Nader Eskander	8.0500	333	8
Egypt	2022SALM04	Mouaaz Sherif Salman	8.1200	333	9
Egypt	2023EYAD01	Eyad Moataz Osama Mohamed Eyad	8.3100	333	10
El Salvador	2019CAST34	Jos Eduardo Palacios Castro	6.6300	333	1
El Salvador	2017CAST49	Fernando Daniel Domnguez Castaneda	7.3300	333	2
El Salvador	2017CAST49	Fernando Daniel Domnguez Castaneda	7.4000	333	3
El Salvador	2018PORT11	Javier Portillo	7.4000	333	4
El Salvador	2019CAST34	Jos Eduardo Palacios Castro	7.4600	333	5
El Salvador	2019CAST34	Jos Eduardo Palacios Castro	7.5200	333	6
El Salvador	2019CAST34	Jos Eduardo Palacios Castro	7.5500	333	7
El Salvador	2019CAST34	Jos Eduardo Palacios Castro	7.5600	333	8
El Salvador	2019CAST34	Jos Eduardo Palacios Castro	7.5700	333	9
El Salvador	2019CAST34	Jos Eduardo Palacios Castro	7.6100	333	10
Eritrea	2022ABRA13	Smret Abraham	16.2100	333	1
Eritrea	2022ABRA13	Smret Abraham	18.2600	333	2
Eritrea	2022ABRA13	Smret Abraham	18.7300	333	3
Eritrea	2022ABRA13	Smret Abraham	25.0400	333	4
Eritrea	2023ALAG01	Tareq Mohammed Mahmoud Alaggad	26.0500	333	5
Eritrea	2023ALAG01	Tareq Mohammed Mahmoud Alaggad	27.9100	333	6
Eritrea	2022ABRA13	Smret Abraham	36.7200	333	7
Estonia	2018TUUL01	Kaur Tuule	5.0100	333	1
Estonia	2018TUUL01	Kaur Tuule	5.0500	333	2
Estonia	2018TUUL01	Kaur Tuule	5.3300	333	3
Estonia	2018TUUL01	Kaur Tuule	5.3600	333	4
Estonia	2018TUUL01	Kaur Tuule	5.3800	333	5
Estonia	2018TUUL01	Kaur Tuule	5.4800	333	6
Estonia	2018TUUL01	Kaur Tuule	5.5700	333	7
Estonia	2018TUUL01	Kaur Tuule	5.5900	333	8
Estonia	2018TUUL01	Kaur Tuule	5.6200	333	9
Estonia	2018TUUL01	Kaur Tuule	5.6700	333	10
Ethiopia	2023PHIL17	Moses Tibeb Firew	8.5000	333	1
Ethiopia	2023PHIL17	Moses Tibeb Firew	8.8700	333	2
Ethiopia	2023PHIL17	Moses Tibeb Firew	9.4000	333	3
Ethiopia	2023PHIL17	Moses Tibeb Firew	9.6800	333	4
Ethiopia	2023PHIL17	Moses Tibeb Firew	9.7100	333	5
Ethiopia	2023PHIL17	Moses Tibeb Firew	9.8200	333	6
Ethiopia	2023PHIL17	Moses Tibeb Firew	9.8200	333	7
Ethiopia	2023PHIL17	Moses Tibeb Firew	11.4000	333	8
Ethiopia	2023PHIL17	Moses Tibeb Firew	11.6000	333	9
Ethiopia	2023PHIL17	Moses Tibeb Firew	11.6200	333	10
Fiji	2023RAMS01	Soham Ronav Ram	11.8400	333	1
Fiji	2023RAMS01	Soham Ronav Ram	12.1900	333	2
Fiji	2023RAMS01	Soham Ronav Ram	13.0300	333	3
Fiji	2023RAMS01	Soham Ronav Ram	13.1100	333	4
Fiji	2024ALIE01	Emir Ali	13.4500	333	5
Fiji	2024ALIE01	Emir Ali	13.6200	333	6
Fiji	2023RAMS01	Soham Ronav Ram	14.7300	333	7
Fiji	2024ALIE01	Emir Ali	14.7400	333	8
Fiji	2023RAMS01	Soham Ronav Ram	15.8500	333	9
Fiji	2024ALIE01	Emir Ali	16.3200	333	10
Finland	2014NORD02	Amos Nordman	4.8000	333	1
Finland	2016LAUR01	Linus Laurn	4.8600	333	2
Finland	2014NORD02	Amos Nordman	4.9400	333	3
Finland	2016LAUR01	Linus Laurn	5.2700	333	4
Finland	2016LAUR01	Linus Laurn	5.2700	333	5
Finland	2016LAUR01	Linus Laurn	5.4100	333	6
Finland	2016LAUR01	Linus Laurn	5.5800	333	7
Finland	2012BUBE01	Reto Bubendorf	5.5800	333	8
Finland	2012BUBE01	Reto Bubendorf	5.5800	333	8
Finland	2012BUBE01	Reto Bubendorf	5.5800	333	8
Finland	2016HYTT01	Kari Hyttinen	5.6100	333	9
Finland	2022SCHA05	Vincent von Schantz	5.6500	333	10
France	2014SEBA01	Juliette Sbastien	4.4400	333	1
France	2022ROBI05	Eden Robinson-Rechavi	4.5600	333	2
France	2022ROBI05	Eden Robinson-Rechavi	4.5600	333	2
France	2017RIVA09	Quentin Rivault	4.6500	333	3
France	2014SEBA01	Juliette Sbastien	4.6900	333	4
France	2022ROBI05	Eden Robinson-Rechavi	4.7000	333	5
France	2022ROBI05	Eden Robinson-Rechavi	4.7000	333	5
France	2014SEBA01	Juliette Sbastien	4.7200	333	6
France	2014SEBA01	Juliette Sbastien	4.7500	333	7
France	2022ROBI05	Eden Robinson-Rechavi	4.7600	333	8
France	2022ROBI05	Eden Robinson-Rechavi	4.7600	333	8
France	2014SEBA01	Juliette Sbastien	4.7800	333	9
France	2018LUCM01	Mathis Luc	4.7900	333	10
Georgia	2018DOLE01	Tamar Dolenjishvili	4.7600	333	1
Georgia	2022MINA01	Giorgi Minasiani	5.3500	333	2
Georgia	2013MARC05	Vako Marchilashvili	5.3700	333	3
Georgia	2013MARC05	Vako Marchilashvili	5.4700	333	4
Georgia	2018DOLE01	Tamar Dolenjishvili	5.4700	333	5
Georgia	2013MARC05	Vako Marchilashvili	5.5600	333	6
Georgia	2013MARC05	Vako Marchilashvili	5.8300	333	7
Georgia	2013MARC05	Vako Marchilashvili	5.9300	333	8
Georgia	2013MARC05	Vako Marchilashvili	5.9500	333	9
Georgia	2013MARC05	Vako Marchilashvili	6.0000	333	10
Germany	2010WEYE02	Sebastian Weyer	4.3200	333	1
Germany	2013GERH01	Kevin Gerhardt	4.4900	333	2
Germany	2013GERH01	Kevin Gerhardt	4.5000	333	3
Germany	2013GERH01	Kevin Gerhardt	4.6900	333	4
Germany	2013GERH01	Kevin Gerhardt	4.7400	333	5
Germany	2010WEYE01	Philipp Weyer	4.7600	333	6
Germany	2009DIEC01	Cornelius Dieckmann	4.7700	333	7
Germany	2010WEYE01	Philipp Weyer	4.8100	333	8
Germany	2009DIEC01	Cornelius Dieckmann	4.8300	333	9
Germany	2010WEYE02	Sebastian Weyer	4.8300	333	10
Ghana	2020GYAS01	Ransford Gyasi	8.4100	333	1
Ghana	2020GYAS01	Ransford Gyasi	11.2400	333	2
Ghana	2025KOME01	Edwin Nii Ayitey Komey	11.3800	333	3
Ghana	2020GYAS01	Ransford Gyasi	11.8800	333	4
Ghana	2017ORTH02	Benjamin Orthner	11.9200	333	5
Ghana	2023EGYI01	Gavriel Badu Egyir	13.0600	333	6
Ghana	2022HAMM04	Zaffery Hammond-Aryee	13.0700	333	7
Ghana	2025KOME01	Edwin Nii Ayitey Komey	13.8600	333	8
Ghana	2022HAMM04	Zaffery Hammond-Aryee	14.2600	333	9
Ghana	2025KOME01	Edwin Nii Ayitey Komey	14.4900	333	10
Greece	2012PATE01	Antonie Paterakis	4.7000	333	1
Greece	2012PATE01	Antonie Paterakis	4.7000	333	1
Greece	2012PATE01	Antonie Paterakis	4.8000	333	2
Greece	2012PATE01	Antonie Paterakis	4.8000	333	2
Greece	2012PATE01	Antonie Paterakis	4.8900	333	3
Greece	2012PATE01	Antonie Paterakis	4.8900	333	3
Greece	2017PRIG01	Vasilis Prigkos	4.9200	333	4
Greece	2012PATE01	Antonie Paterakis	5.0500	333	5
Greece	2012PATE01	Antonie Paterakis	5.0500	333	5
Greece	2012PATE01	Antonie Paterakis	5.0900	333	6
Greece	2012PATE01	Antonie Paterakis	5.0900	333	6
Greece	2012PATE01	Antonie Paterakis	5.1100	333	7
Greece	2012PATE01	Antonie Paterakis	5.1100	333	7
Greece	2012PATE01	Antonie Paterakis	5.1200	333	8
Greece	2012PATE01	Antonie Paterakis	5.1200	333	8
Greece	2012PATE01	Antonie Paterakis	5.1900	333	9
Greece	2012PATE01	Antonie Paterakis	5.1900	333	9
Greece	2012PATE01	Antonie Paterakis	5.2000	333	10
Greece	2012PATE01	Antonie Paterakis	5.2000	333	10
Grenada	2019AYOU01	Kamel Ayoub	42.8600	333	1
Guatemala	2017ARRE04	Brian Bernab Bolaos Arreaga	5.6800	333	1
Guatemala	2019RODR66	Shalm Melquisedec Batz Rodrguez	5.7800	333	2
Guatemala	2019LOPE16	Efrain Lopez	6.1400	333	3
Guatemala	2018MALD02	Jose Javier Melendez Maldonado	6.2500	333	4
Guatemala	2018MALD02	Jose Javier Melendez Maldonado	6.3400	333	5
Guatemala	2017ARRE04	Brian Bernab Bolaos Arreaga	6.5300	333	6
Guatemala	2017ARRE04	Brian Bernab Bolaos Arreaga	6.5800	333	7
Guatemala	2019RODR66	Shalm Melquisedec Batz Rodrguez	6.6300	333	8
Guatemala	2019RODR66	Shalm Melquisedec Batz Rodrguez	6.6700	333	9
Guatemala	2019RODR66	Shalm Melquisedec Batz Rodrguez	6.7500	333	10
Guyana	2018KHAN17	Benicio Warwick Khan	12.0800	333	1
Guyana	2018KHAN17	Benicio Warwick Khan	13.1400	333	2
Guyana	2018KHAN17	Benicio Warwick Khan	13.3100	333	3
Guyana	2018KHAN17	Benicio Warwick Khan	13.4500	333	4
Guyana	2018KHAN17	Benicio Warwick Khan	15.4400	333	5
Haiti	2015PERC01	Fan Derlentz Perceval	8.4400	333	1
Haiti	2015PERC01	Fan Derlentz Perceval	9.0500	333	2
Haiti	2015PERC01	Fan Derlentz Perceval	9.4000	333	3
Haiti	2015PERC01	Fan Derlentz Perceval	9.4500	333	4
Haiti	2015PERC01	Fan Derlentz Perceval	9.7100	333	5
Haiti	2015PERC01	Fan Derlentz Perceval	9.7400	333	6
Haiti	2015PERC01	Fan Derlentz Perceval	9.9000	333	7
Haiti	2015PERC01	Fan Derlentz Perceval	10.0700	333	8
Haiti	2015PERC01	Fan Derlentz Perceval	10.1400	333	9
Haiti	2015PERC01	Fan Derlentz Perceval	10.4000	333	10
Honduras	2018VIND01	Miguel Angel Edelman Vindel	7.0100	333	1
Honduras	2018VIND01	Miguel Angel Edelman Vindel	7.8000	333	2
Honduras	2018VIND01	Miguel Angel Edelman Vindel	7.9100	333	3
Honduras	2018VIND01	Miguel Angel Edelman Vindel	8.0800	333	4
Honduras	2018VIND01	Miguel Angel Edelman Vindel	8.1400	333	5
Honduras	2018VIND01	Miguel Angel Edelman Vindel	8.2300	333	6
Honduras	2018VIND01	Miguel Angel Edelman Vindel	8.2600	333	7
Honduras	2018VIND01	Miguel Angel Edelman Vindel	8.3200	333	8
Honduras	2018VIND01	Miguel Angel Edelman Vindel	8.4700	333	9
Honduras	2022HERN10	Fares Daniel Flores Hernndez	8.4700	333	10
Hong Kong	2017KWAN05	Burno Li Chak Kwan	4.6000	333	1
Hong Kong	2017KWAN05	Burno Li Chak Kwan	5.0100	333	2
Hong Kong	2023XIUY01	Yang Pin Xiu	5.0200	333	3
Hong Kong	2017KWAN05	Burno Li Chak Kwan	5.0400	333	4
Hong Kong	2023XIUY01	Yang Pin Xiu	5.0800	333	5
Hong Kong	2015LEON02	Ivan Li Ka Leong	5.1300	333	6
Hong Kong	2023XIUY01	Yang Pin Xiu	5.1500	333	7
Hong Kong	2015LEON02	Ivan Li Ka Leong	5.2900	333	8
Hong Kong	2015LEON02	Ivan Li Ka Leong	5.3000	333	9
Hong Kong	2017KWAN05	Burno Li Chak Kwan	5.3100	333	10
Hungary	2016SLEZ01	Gbor Slezk	5.1300	333	1
Hungary	2022VITA02	Zn Vitale	5.1600	333	2
Hungary	2016SLEZ01	Gbor Slezk	5.2300	333	3
Hungary	2022SZAB03	Dvid Szab	5.2600	333	4
Hungary	2022SZAB03	Dvid Szab	5.4300	333	5
Hungary	2022SZAB03	Dvid Szab	5.4500	333	6
Hungary	2016SLEZ01	Gbor Slezk	5.4600	333	7
Hungary	2022VITA02	Zn Vitale	5.6000	333	8
Hungary	2016SLEZ01	Gbor Slezk	5.6500	333	9
Hungary	2022SZAB03	Dvid Szab	5.6500	333	10
Iceland	2017PETU02	skar Ptursson	6.2900	333	1
Iceland	2017PETU02	skar Ptursson	6.6000	333	2
Iceland	2017PETU02	skar Ptursson	6.6800	333	3
Iceland	2017PETU02	skar Ptursson	7.2100	333	4
Iceland	2017PETU02	skar Ptursson	7.2300	333	5
Iceland	2017PETU02	skar Ptursson	7.2700	333	6
Iceland	2017PETU02	skar Ptursson	7.3000	333	7
Iceland	2017PETU02	skar Ptursson	7.4400	333	8
Iceland	2017PETU02	skar Ptursson	7.4600	333	9
Iceland	2017PETU02	skar Ptursson	7.4700	333	10
India	2022DEEP01	Hari A. Deepak	4.7700	333	1
India	2015CHHA03	Aryan Chhabra	4.8100	333	2
India	2016GABA02	Amey Gaba	4.8500	333	3
India	2015CHHA03	Aryan Chhabra	4.9100	333	4
India	2016GABA02	Amey Gaba	4.9500	333	5
India	2022BHAV01	Darshan Bhavanasi	5.0400	333	6
India	2017GADG01	Pranav Gadge	5.0500	333	7
India	2016DHIM01	Tanish Dhiman	5.1200	333	8
India	2016DHIM01	Tanish Dhiman	5.1200	333	8
India	2022PATI10	Shrivatsa Patil	5.1200	333	9
India	2016GABA02	Amey Gaba	5.1900	333	10
Indonesia	2015FUSH01	Firstian Fushada	4.4200	333	1
Indonesia	2018KODA01	Muhammad Faeyza Koda	4.6600	333	2
Indonesia	2018KODA01	Muhammad Faeyza Koda	4.7600	333	3
Indonesia	2018KODA01	Muhammad Faeyza Koda	4.7600	333	4
Indonesia	2018KODA01	Muhammad Faeyza Koda	4.7800	333	5
Indonesia	2015FUSH01	Firstian Fushada	4.8000	333	6
Indonesia	2015FUSH01	Firstian Fushada	4.9800	333	7
Indonesia	2018ALAM08	Leon Marcell Alamanda	4.9800	333	8
Indonesia	2015FUSH01	Firstian Fushada	5.0100	333	9
Indonesia	2018ALAM08	Leon Marcell Alamanda	5.0600	333	10
Iran	2023DEHG02	Erfan Dehghani	5.8700	333	1
Iran	2023ABBA06	Mohammadreza Abbaszadeh	5.8700	333	2
Iran	2023JAVA05	Amirali Javadzadeh	5.9300	333	3
Iran	2016NIRI01	Seyed Amirparsa Hosseini Nayeri	6.0000	333	4
Iran	2022MOTE01	Hoomaan Motevalli Habibi	6.0300	333	5
Iran	2023DEHG02	Erfan Dehghani	6.0400	333	6
Iran	2015GERA02	Arian Geravandi	6.0400	333	7
Iran	2023JAVA05	Amirali Javadzadeh	6.0500	333	8
Iran	2018KHOS03	Mohammad Mahdi Khosravi	6.0700	333	9
Iran	2023ABBA06	Mohammadreza Abbaszadeh	6.1100	333	10
Iraq	2025GAZN01	Furat Gaznai	11.3100	333	1
Iraq	2022MUKH01	Mukhlis Mokhles	13.0800	333	2
Iraq	2022MUKH01	Mukhlis Mokhles	13.0800	333	2
Iraq	2022MUKH01	Mukhlis Mokhles	13.5200	333	3
Iraq	2022MUKH01	Mukhlis Mokhles	13.5200	333	3
Iraq	2025GAZN01	Furat Gaznai	13.5500	333	4
Iraq	2023TARI03	Hussein Tariq	13.8800	333	5
Iraq	2025GAZN01	Furat Gaznai	14.0700	333	6
Iraq	2022MUKH01	Mukhlis Mokhles	14.5200	333	7
Iraq	2022MUKH01	Mukhlis Mokhles	14.5200	333	7
Iraq	2017ESSA01	Jaafar Hayder Noori Al-Ulsaed Essa	14.5400	333	8
Iraq	2023TARI03	Hussein Tariq	14.8700	333	9
Iraq	2025GAZN01	Furat Gaznai	15.1100	333	10
Ireland	2012BEAH01	Ciarn Beahan	4.3300	333	1
Ireland	2012BEAH01	Ciarn Beahan	4.7200	333	2
Ireland	2022HAIN04	Cillian Hainbach	4.9200	333	3
Ireland	2022FURE01	CJ Furey	4.9500	333	4
Ireland	2022FURE01	CJ Furey	4.9800	333	5
Ireland	2022HAIN04	Cillian Hainbach	5.0200	333	6
Ireland	2012BEAH01	Ciarn Beahan	5.1100	333	7
Ireland	2012BEAH01	Ciarn Beahan	5.2000	333	8
Ireland	2022HAIN04	Cillian Hainbach	5.3800	333	9
Ireland	2012BEAH01	Ciarn Beahan	5.4000	333	10
Israel	2016BARO04	Ben Baron	4.5200	333	1
Israel	2016BARO04	Ben Baron	4.8600	333	2
Israel	2016BARO04	Ben Baron	4.8900	333	3
Israel	2016BARO04	Ben Baron	4.9600	333	4
Israel	2016BARO04	Ben Baron	4.9700	333	5
Israel	2022VISH01	Yoav Vishne	5.0200	333	6
Israel	2022VISH01	Yoav Vishne	5.1400	333	7
Israel	2016BARO04	Ben Baron	5.1900	333	8
Israel	2016BARO04	Ben Baron	5.2000	333	9
Israel	2016BARO04	Ben Baron	5.2700	333	10
Italy	2018LOCA01	Valerio Locatelli	4.2600	333	1
Italy	2018LOCA01	Valerio Locatelli	4.5700	333	2
Italy	2018LOCA01	Valerio Locatelli	4.6700	333	3
Italy	2018LOCA01	Valerio Locatelli	4.6800	333	4
Italy	2018LOCA01	Valerio Locatelli	4.7800	333	5
Italy	2018LOCA01	Valerio Locatelli	4.7900	333	6
Italy	2018LOCA01	Valerio Locatelli	4.8300	333	7
Italy	2019CORO04	Giacomo Daniele Cor	4.8400	333	8
Italy	2018LOCA01	Valerio Locatelli	4.9000	333	9
Italy	2019SART01	Daniel Sartori	4.9000	333	10
Jamaica	2025ROBI07	Andre Robinson	17.3300	333	1
Jamaica	2025ROBI07	Andre Robinson	21.6500	333	2
Jamaica	2019MEIK01	Sanjay Meikle	24.1300	333	3
Jamaica	2015BROO01	Karen Brooks	54.0900	333	4
Jamaica	2015BROO01	Karen Brooks	59.2600	333	5
Jamaica	2018RAOR01	Rishi Rao	62.0700	333	6
Jamaica	2015BROO01	Karen Brooks	66.5000	333	7
Jamaica	2015BROO01	Karen Brooks	69.2500	333	8
Jamaica	2018RAOR01	Rishi Rao	70.7400	333	9
Jamaica	2015BROO01	Karen Brooks	75.0600	333	10
Japan	2010SUGA01	Sei Sugama	4.8000	333	1
Japan	2016KIDA02	Hitoki Kidahashi	4.8600	333	2
Japan	2022TAKA04	Junnosuke Takahashi	5.1100	333	3
Japan	2019NOGA01	Ao Nogami	5.2500	333	4
Japan	2019NOGA01	Ao Nogami	5.4100	333	5
Japan	2019NOGA01	Ao Nogami	5.4500	333	6
Japan	2013KATO01	Eva Kato	5.4600	333	7
Japan	2013KATO01	Eva Kato	5.4600	333	7
Japan	2019NOGA01	Ao Nogami	5.4700	333	8
Japan	2019NOGA01	Ao Nogami	5.5000	333	9
Japan	2019NOGA01	Ao Nogami	5.5400	333	10
Jordan	2019HAMM04	Kamel Hammouri	5.8500	333	1
Jordan	2019HAMM04	Kamel Hammouri	5.9700	333	2
Jordan	2019ISSA04	Abdel Issa	6.7200	333	3
Jordan	2019SALE04	Othman Saleh	6.8300	333	4
Jordan	2019SALE04	Othman Saleh	6.8700	333	5
Jordan	2019HAMM04	Kamel Hammouri	6.8800	333	6
Jordan	2024MAYY01	Zaid Mayyas	6.9400	333	7
Jordan	2019HAMM04	Kamel Hammouri	7.0400	333	8
Jordan	2019HAMM04	Kamel Hammouri	7.0800	333	9
Jordan	2019HAMM04	Kamel Hammouri	7.1400	333	10
Kazakhstan	2018AGAB03	Asset Agabekov	4.2400	333	1
Kazakhstan	2018ISAK06	Damir Issakov	5.4300	333	2
Kazakhstan	2018ORAZ01	Abylai Orazalin	5.5100	333	3
Kazakhstan	2018ORAZ01	Abylai Orazalin	5.6400	333	4
Kazakhstan	2018ISAK06	Damir Issakov	5.8000	333	5
Kazakhstan	2017ZHAD01	Damir Zhanataev	5.8400	333	6
Kazakhstan	2018YERK02	Yerkin Assylbek	5.8600	333	7
Kazakhstan	2018ORAZ01	Abylai Orazalin	5.9000	333	8
Kazakhstan	2017ZHAD01	Damir Zhanataev	6.0000	333	9
Kazakhstan	2018KURM02	Nurassyl Kurmangali	6.1100	333	10
Kenya	2019MUTH01	Jay Kuria Muthari	8.0500	333	1
Kenya	2019MUTH01	Jay Kuria Muthari	8.9800	333	2
Kenya	2025MBUI01	Ivan Kamonye Mbui	9.0500	333	3
Kenya	2025MBUI01	Ivan Kamonye Mbui	9.1300	333	4
Kenya	2019MUTH01	Jay Kuria Muthari	9.3200	333	5
Kenya	2023BUND03	Derick Bundi	9.3800	333	6
Kenya	2023BUND03	Derick Bundi	9.8100	333	7
Kenya	2023SHAH39	Sur Shah	9.9300	333	8
Kenya	2023KABI02	Eman Kabiru	9.9800	333	9
Kenya	2023BUND03	Derick Bundi	9.9800	333	10
Korea	2013NAHM01	Seung Hyuk Nahm	4.1700	333	1
Korea	2013NAHM01	Seung Hyuk Nahm	4.2600	333	2
Korea	2013NAHM01	Seung Hyuk Nahm	4.4100	333	3
Korea	2016HONG03	Yoochan Hong	4.4900	333	4
Korea	2012CHOS01	SeungBeom Cho	4.5900	333	5
Korea	2013NAHM01	Seung Hyuk Nahm	4.6700	333	6
Korea	2016CHAN09	Jaemin Chang	4.7500	333	7
Korea	2013NAHM01	Seung Hyuk Nahm	4.8100	333	8
Korea	2013NAHM01	Seung Hyuk Nahm	4.8300	333	9
Korea	2013NAHM01	Seung Hyuk Nahm	4.8600	333	10
Kosovo	2016UKAJ01	Lir Ukaj	5.2100	333	1
Kosovo	2016UKAJ01	Lir Ukaj	5.2100	333	1
Kosovo	2016UKAJ01	Lir Ukaj	5.4400	333	2
Kosovo	2016UKAJ01	Lir Ukaj	5.4400	333	2
Kosovo	2016UKAJ01	Lir Ukaj	5.6600	333	3
Kosovo	2016UKAJ01	Lir Ukaj	5.6600	333	3
Kosovo	2016UKAJ01	Lir Ukaj	5.8800	333	4
Kosovo	2016UKAJ01	Lir Ukaj	5.8800	333	4
Kosovo	2016UKAJ01	Lir Ukaj	6.0600	333	5
Kosovo	2016UKAJ01	Lir Ukaj	6.0600	333	5
Kosovo	2016UKAJ01	Lir Ukaj	6.1200	333	6
Kosovo	2016UKAJ01	Lir Ukaj	6.1200	333	6
Kosovo	2016UKAJ01	Lir Ukaj	6.2900	333	7
Kosovo	2016UKAJ01	Lir Ukaj	6.2900	333	7
Kosovo	2016UKAJ01	Lir Ukaj	6.4200	333	8
Kosovo	2016UKAJ01	Lir Ukaj	6.4200	333	8
Kosovo	2016UKAJ01	Lir Ukaj	6.4300	333	9
Kosovo	2016UKAJ01	Lir Ukaj	6.4300	333	9
Kosovo	2016UKAJ01	Lir Ukaj	6.4600	333	10
Kosovo	2016UKAJ01	Lir Ukaj	6.4600	333	10
Kuwait	2022ALOL01	Ahmad Alolaimi	6.3800	333	1
Kuwait	2022ALOL01	Ahmad Alolaimi	6.9400	333	2
Kuwait	2022ALOL01	Ahmad Alolaimi	7.3400	333	3
Kuwait	2022ALOL01	Ahmad Alolaimi	7.5800	333	4
Kuwait	2022ALOL01	Ahmad Alolaimi	7.6500	333	5
Kuwait	2022ALOL01	Ahmad Alolaimi	7.6900	333	6
Kuwait	2022ALOL01	Ahmad Alolaimi	7.7000	333	7
Kuwait	2022ALOL01	Ahmad Alolaimi	7.8100	333	8
Kuwait	2022ALOL01	Ahmad Alolaimi	7.9100	333	9
Kuwait	2021ALMU01	Ghanim Abdulaziz Almutawa	7.9600	333	10
Kyrgyzstan	2018SULT03	Chyngyz Sultanbekov	4.9200	333	1
Kyrgyzstan	2018SULT03	Chyngyz Sultanbekov	5.3500	333	2
Kyrgyzstan	2018SULT03	Chyngyz Sultanbekov	5.5800	333	3
Kyrgyzstan	2018SULT03	Chyngyz Sultanbekov	5.6000	333	4
Kyrgyzstan	2018SULT03	Chyngyz Sultanbekov	5.6300	333	5
Kyrgyzstan	2018SULT03	Chyngyz Sultanbekov	5.6300	333	6
Kyrgyzstan	2018SULT03	Chyngyz Sultanbekov	5.6500	333	7
Kyrgyzstan	2018SULT03	Chyngyz Sultanbekov	5.6700	333	8
Kyrgyzstan	2018SULT03	Chyngyz Sultanbekov	5.6700	333	9
Kyrgyzstan	2018SULT03	Chyngyz Sultanbekov	5.7200	333	10
Laos	2024SYPA01	Phasouk Sypaseuth	9.0700	333	1
Laos	2024SYPA01	Phasouk Sypaseuth	10.3100	333	2
Laos	2024SYPA01	Phasouk Sypaseuth	10.8200	333	3
Laos	2024TRAN18	Jorden Tran	11.0500	333	4
Laos	2024MANO07	Konesack Manorom	11.1300	333	5
Laos	2024HAYH01	Anuvong Hayhinmixay	11.2600	333	6
Laos	2024HAYH01	Anuvong Hayhinmixay	11.2900	333	7
Laos	2024HAYH01	Anuvong Hayhinmixay	11.3900	333	8
Laos	2024HAYH01	Anuvong Hayhinmixay	11.6600	333	9
Laos	2024VIEN01	Thotsaphone Viengviseth	11.6900	333	10
Latvia	2018DREI02	Roberts Dreijers	6.0400	333	1
Latvia	2017LEMB02	Mikus Lembergs	6.4400	333	2
Latvia	2017LEMB02	Mikus Lembergs	6.5400	333	3
Latvia	2018DREI02	Roberts Dreijers	6.6500	333	4
Latvia	2017LEMB02	Mikus Lembergs	6.7100	333	5
Latvia	2017LEMB02	Mikus Lembergs	6.7900	333	6
Latvia	2017KRON03	Frederiks Rdolfs Kronbergs	6.8400	333	7
Latvia	2017LEMB02	Mikus Lembergs	6.8500	333	8
Latvia	2017LEMB02	Mikus Lembergs	6.8700	333	9
Latvia	2017LEMB02	Mikus Lembergs	6.9000	333	10
Lebanon	2024HADY02	Rakan El Hady	6.3100	333	1
Lebanon	2018SAAD04	Daniel Omar Saad	7.0300	333	2
Lebanon	2024HADY02	Rakan El Hady	7.3000	333	3
Lebanon	2019MALL01	Rami El Mallah	7.6600	333	4
Lebanon	2024HADY02	Rakan El Hady	7.7700	333	5
Lebanon	2019HALA01	Issam Imad El Halabi	8.0900	333	6
Lebanon	2023KHAL08	Mohamad Khalifeh	8.2900	333	7
Lebanon	2019MALL01	Rami El Mallah	8.4800	333	8
Lebanon	2023KHAL08	Mohamad Khalifeh	8.5200	333	9
Lebanon	2019MALL01	Rami El Mallah	8.6900	333	10
Lesotho	2023MOBE01	Liteboho Martin Mobe	14.7000	333	1
Lesotho	2023MOBE01	Liteboho Martin Mobe	21.7400	333	2
Lesotho	2023SEKH03	Hlahatsi Sekhamane	23.5000	333	3
Lesotho	2023MOBE01	Liteboho Martin Mobe	25.1800	333	4
Lesotho	2023SEKH03	Hlahatsi Sekhamane	27.7000	333	5
Lesotho	2024KRAB01	Solomon Krabbendam	45.7700	333	6
Lesotho	2024KRAB01	Solomon Krabbendam	55.2600	333	7
Lesotho	2024KRAB01	Solomon Krabbendam	73.4900	333	8
Lesotho	2023SEKH03	Hlahatsi Sekhamane	80.2300	333	9
Libya	2025SHAA01	Ali Shaari	11.9000	333	1
Libya	2025SHAA01	Ali Shaari	12.3100	333	2
Libya	2025SHAA01	Ali Shaari	13.2600	333	3
Libya	2025SHAA01	Ali Shaari	13.9100	333	4
Libya	2023HDIY01	Mohamed Hdiya	23.8400	333	5
Libya	2019BENS04	Mohammed Bensriati	24.1900	333	6
Libya	2018MUST02	Youssef Mustapha	24.8500	333	7
Libya	2023HDIY01	Mohamed Hdiya	25.2200	333	8
Libya	2019ESSE02	Abdulrahman Essed	26.4100	333	9
Libya	2025SERG02	Samir Sergiwa	31.5700	333	10
Liechtenstein	2016GART01	Jannik Gartmann	10.4200	333	1
Liechtenstein	2016GART01	Jannik Gartmann	10.8000	333	2
Liechtenstein	2016GART01	Jannik Gartmann	10.9000	333	3
Liechtenstein	2016GART01	Jannik Gartmann	11.6400	333	4
Liechtenstein	2016GART01	Jannik Gartmann	11.8000	333	5
Liechtenstein	2016GART01	Jannik Gartmann	12.0900	333	6
Liechtenstein	2016GART01	Jannik Gartmann	12.1200	333	7
Liechtenstein	2016GART01	Jannik Gartmann	12.2500	333	8
Liechtenstein	2016GART01	Jannik Gartmann	12.3000	333	9
Liechtenstein	2016GART01	Jannik Gartmann	12.3800	333	10
Lithuania	2017URBA01	Mantas Urbanaviius	4.3900	333	1
Lithuania	2017URBA01	Mantas Urbanaviius	4.7200	333	2
Lithuania	2017URBA01	Mantas Urbanaviius	4.7300	333	3
Lithuania	2017URBA01	Mantas Urbanaviius	5.0200	333	4
Lithuania	2017URBA01	Mantas Urbanaviius	5.0800	333	5
Lithuania	2017URBA01	Mantas Urbanaviius	5.1100	333	6
Lithuania	2017URBA01	Mantas Urbanaviius	5.1700	333	7
Lithuania	2017URBA01	Mantas Urbanaviius	5.1700	333	8
Lithuania	2017URBA01	Mantas Urbanaviius	5.2700	333	9
Lithuania	2017URBA01	Mantas Urbanaviius	5.3100	333	10
Luxembourg	2017GLOD01	Carlo Glod	8.9000	333	1
Luxembourg	2022KANN02	Rahul Kannan	8.9300	333	2
Luxembourg	2022KANN02	Rahul Kannan	9.0000	333	3
Luxembourg	2022KANN02	Rahul Kannan	9.2800	333	4
Luxembourg	2022KANN02	Rahul Kannan	9.3900	333	5
Luxembourg	2022KANN02	Rahul Kannan	9.4100	333	6
Luxembourg	2017GLOD01	Carlo Glod	9.5000	333	7
Luxembourg	2017GLOD01	Carlo Glod	9.5300	333	8
Luxembourg	2022KANN02	Rahul Kannan	9.6000	333	9
Luxembourg	2017GLOD01	Carlo Glod	9.7600	333	10
Macau	2018SAMK01	Max Kwok U Sam	6.2600	333	1
Macau	2018SAMK01	Max Kwok U Sam	6.2800	333	2
Macau	2018SAMK01	Max Kwok U Sam	6.7400	333	3
Macau	2018SAMK01	Max Kwok U Sam	6.8100	333	4
Macau	2018CHON01	Chan Sai Chong	6.8700	333	5
Macau	2018SAMK01	Max Kwok U Sam	6.9700	333	6
Macau	2018SAMK01	Max Kwok U Sam	6.9800	333	7
Macau	2018SAMK01	Max Kwok U Sam	7.1100	333	8
Macau	2018SAMK01	Max Kwok U Sam	7.1300	333	9
Macau	2018SAMK01	Max Kwok U Sam	7.1400	333	10
Madagascar	2019ANDR21	Tolotra Ny Avo Andriamamonjisoa	7.2600	333	1
Madagascar	2024RAFA04	Rodrigue Hermanne Rafanambinantsoa	7.3400	333	2
Madagascar	2024RAFA04	Rodrigue Hermanne Rafanambinantsoa	7.3500	333	3
Madagascar	2024RAFA04	Rodrigue Hermanne Rafanambinantsoa	7.4800	333	4
Madagascar	2024NOME01	Kantosoa Volaniaina Nomenatiana	7.7800	333	5
Madagascar	2019LIOK01	Ranarison Fiderana Lioka	7.8100	333	6
Madagascar	2024RAFA04	Rodrigue Hermanne Rafanambinantsoa	7.8300	333	7
Madagascar	2024RAMA16	Anjatiana Ramarajaona	7.8400	333	8
Madagascar	2019LIOK01	Ranarison Fiderana Lioka	7.8700	333	9
Madagascar	2019RAND21	Toavina Zanaparien Randrianatoandro	7.9300	333	10
Malawi	2023NGUL01	Favour Ngulube	9.8700	333	1
Malawi	2023NGUL01	Favour Ngulube	9.9200	333	2
Malawi	2023NGUL01	Favour Ngulube	10.1400	333	3
Malawi	2023NGUL01	Favour Ngulube	10.1800	333	4
Malawi	2023NGUL01	Favour Ngulube	10.4000	333	5
Malawi	2023NGUL01	Favour Ngulube	10.4400	333	6
Malawi	2023NGUL01	Favour Ngulube	10.6400	333	7
Malawi	2023NGUL01	Favour Ngulube	10.8400	333	8
Malawi	2023NGUL01	Favour Ngulube	11.0100	333	9
Malawi	2023NGUL01	Favour Ngulube	11.4900	333	10
Malaysia	2017YANG59	Tee Kai Yang	4.0500	333	1
Malaysia	2017YANG59	Tee Kai Yang	4.7400	333	2
Malaysia	2017YANG59	Tee Kai Yang	4.8300	333	3
Malaysia	2017YANG59	Tee Kai Yang	4.8600	333	4
Malaysia	2017YANG59	Tee Kai Yang	4.9600	333	5
Malaysia	2017YANG59	Tee Kai Yang	4.9600	333	6
Malaysia	2017YANG59	Tee Kai Yang	5.0200	333	7
Malaysia	2017YANG59	Tee Kai Yang	5.0300	333	8
Malaysia	2017YANG59	Tee Kai Yang	5.1200	333	9
Malaysia	2016HUNG08	Lim Hung	5.1300	333	10
Maldives	2022ISHA03	Liam Ishan	16.7700	333	1
Maldives	2022ISHA03	Liam Ishan	17.4400	333	2
Malta	2024SPIT01	Bianca Spiteri	8.5900	333	1
Malta	2022CAUC02	Benjamin Chetcuti Cauchi	8.6000	333	2
Malta	2022CAUC02	Benjamin Chetcuti Cauchi	8.9000	333	3
Malta	2022CAUC02	Benjamin Chetcuti Cauchi	9.6900	333	4
Malta	2022CAUC02	Benjamin Chetcuti Cauchi	9.7500	333	5
Malta	2022CAUC02	Benjamin Chetcuti Cauchi	9.7800	333	6
Malta	2022CAUC02	Benjamin Chetcuti Cauchi	9.8000	333	7
Malta	2022CAUC02	Benjamin Chetcuti Cauchi	9.9500	333	8
Malta	2025PORT05	Luca Portelli	10.0200	333	9
Malta	2019GALE06	Carl Galea	10.3100	333	10
Mauritania	2024BAYA07	Cheikh Baya	19.7900	333	1
Mauritania	2024BAYA07	Cheikh Baya	20.5900	333	2
Mauritius	2015HARR01	Ryan Pin Harry	7.9600	333	1
Mauritius	2015HARR01	Ryan Pin Harry	7.9600	333	1
Mauritius	2015HARR01	Ryan Pin Harry	8.1800	333	2
Mauritius	2015HARR01	Ryan Pin Harry	8.1800	333	2
Mauritius	2015HARR01	Ryan Pin Harry	8.5400	333	3
Mauritius	2015HARR01	Ryan Pin Harry	8.5400	333	3
Mauritius	2015HARR01	Ryan Pin Harry	8.9100	333	4
Mauritius	2015HARR01	Ryan Pin Harry	8.9100	333	4
Mauritius	2015HARR01	Ryan Pin Harry	9.0600	333	5
Mauritius	2015HARR01	Ryan Pin Harry	9.0600	333	5
Mauritius	2015HARR01	Ryan Pin Harry	9.1100	333	6
Mauritius	2015HARR01	Ryan Pin Harry	9.1100	333	6
Mauritius	2024ANTO12	Sasha Antoine	9.3000	333	7
Mauritius	2015HARR01	Ryan Pin Harry	9.3900	333	8
Mauritius	2015HARR01	Ryan Pin Harry	9.3900	333	8
Mauritius	2018SING01	Timothy Fon Sing	9.9700	333	9
Mauritius	2015HARR01	Ryan Pin Harry	10.0400	333	10
Mauritius	2015HARR01	Ryan Pin Harry	10.0400	333	10
Mexico	2018SANC03	Angel Armando Jaime Snchez	4.4600	333	1
Mexico	2018SANC03	Angel Armando Jaime Snchez	4.5500	333	2
Mexico	2018SANC03	Angel Armando Jaime Snchez	4.7900	333	3
Mexico	2017HERN11	Joaquin Ruenes Hernndez	4.8300	333	4
Mexico	2018SANC03	Angel Armando Jaime Snchez	4.9400	333	5
Mexico	2018SANC03	Angel Armando Jaime Snchez	5.0200	333	6
Mexico	2018SANC03	Angel Armando Jaime Snchez	5.0200	333	7
Mexico	2018SANC03	Angel Armando Jaime Snchez	5.2300	333	8
Mexico	2018SANC03	Angel Armando Jaime Snchez	5.2300	333	9
Mexico	2018SANC03	Angel Armando Jaime Snchez	5.2400	333	10
Moldova	2022CASI01	Alex Casian	6.8400	333	1
Moldova	2016NAGR01	Ilie Nagrineac	7.6100	333	2
Moldova	2022CASI01	Alex Casian	7.6200	333	3
Moldova	2016NAGR01	Ilie Nagrineac	8.0700	333	4
Moldova	2016NAGR01	Ilie Nagrineac	8.1000	333	5
Moldova	2016LIVA01	Costea Livadari	8.2200	333	6
Moldova	2016CIOB01	Vlad Ciobanu	8.2600	333	7
Moldova	2016CIOB01	Vlad Ciobanu	8.4000	333	8
Moldova	2016CIOB01	Vlad Ciobanu	8.5400	333	9
Moldova	2016CIOB01	Vlad Ciobanu	8.7400	333	10
Monaco	2015FAGG01	Pauline Faggio	49.5000	333	1
Mongolia	2016OLZI01	Myagmardorj Ulziijargal	4.8400	333	1
Mongolia	2016OLZI01	Myagmardorj Ulziijargal	5.3700	333	2
Mongolia	2016OLZI01	Myagmardorj Ulziijargal	5.4400	333	3
Mongolia	2016OLZI01	Myagmardorj Ulziijargal	5.7600	333	4
Mongolia	2022SUKH01	Bilguun Sukhbaatar	5.8000	333	5
Mongolia	2022TSER01	Temuulen Tserendagva	5.8700	333	6
Mongolia	2016OLZI01	Myagmardorj Ulziijargal	5.8800	333	7
Mongolia	2022SUKH01	Bilguun Sukhbaatar	5.8900	333	8
Mongolia	2022TSER01	Temuulen Tserendagva	5.9700	333	9
Mongolia	2022SUKH01	Bilguun Sukhbaatar	5.9800	333	10
Montenegro	2019SENI01	Mihailo Seni	10.0500	333	1
Montenegro	2019SENI01	Mihailo Seni	10.1600	333	2
Montenegro	2019LEKO01	Ognjen Lekovi	10.7200	333	3
Montenegro	2019DZEV01	Damjan Deverdanovi	10.7600	333	4
Montenegro	2017JANJ01	Petar Janjuevi	10.8400	333	5
Montenegro	2019SENI01	Mihailo Seni	10.8700	333	6
Montenegro	2016PANT02	David Pantovi	10.9100	333	7
Montenegro	2016PANT02	David Pantovi	11.6300	333	8
Montenegro	2019SENI01	Mihailo Seni	11.7100	333	9
Montenegro	2019DZEV01	Damjan Deverdanovi	11.7400	333	10
Morocco	2017ELKH01	Mohamed Elkhatri	6.4300	333	1
Morocco	2020BELA01	Badr Ait Belaid	6.5300	333	2
Morocco	2020BELA01	Badr Ait Belaid	6.5600	333	3
Morocco	2020BELA01	Badr Ait Belaid	6.5800	333	4
Morocco	2020BELA01	Badr Ait Belaid	6.6000	333	5
Morocco	2017ELKH01	Mohamed Elkhatri	6.6900	333	6
Morocco	2020BELA01	Badr Ait Belaid	6.7100	333	7
Morocco	2020BELA01	Badr Ait Belaid	6.8600	333	8
Morocco	2017ELKH01	Mohamed Elkhatri	6.8700	333	9
Morocco	2020BELA01	Badr Ait Belaid	6.9500	333	10
Mozambique	2024RUCO01	Edilson Ruco	9.3500	333	1
Mozambique	2023MOLA06	Arnelio Manaca Mola	9.5300	333	2
Mozambique	2024RUCO01	Edilson Ruco	10.3000	333	3
Mozambique	2025SALY01	Remington Garrett Salyer	10.6600	333	4
Mozambique	2022BACA01	Rayyan Bacar	11.7400	333	5
Mozambique	2025SALY01	Remington Garrett Salyer	12.6700	333	6
Mozambique	2025SALY01	Remington Garrett Salyer	12.7500	333	7
Mozambique	2025SALY01	Remington Garrett Salyer	13.0300	333	8
Mozambique	2024RUCO01	Edilson Ruco	13.1700	333	9
Mozambique	2023MOLA06	Arnelio Manaca Mola	13.2800	333	10
Myanmar	2023HTUT01	Sai Nyi Bhone Htut	6.0300	333	1
Myanmar	2023HTUT01	Sai Nyi Bhone Htut	6.4000	333	2
Myanmar	2023HTUT01	Sai Nyi Bhone Htut	6.6600	333	3
Myanmar	2023HTUT01	Sai Nyi Bhone Htut	6.9400	333	4
Myanmar	2023HTUT01	Sai Nyi Bhone Htut	6.9700	333	5
Myanmar	2023HTUT01	Sai Nyi Bhone Htut	7.0900	333	6
Myanmar	2023HTUT01	Sai Nyi Bhone Htut	7.2200	333	7
Myanmar	2023HTUT01	Sai Nyi Bhone Htut	7.2400	333	8
Myanmar	2023HTUT01	Sai Nyi Bhone Htut	7.4200	333	9
Myanmar	2023AUNG01	Yan Myo Aung	7.5000	333	10
Namibia	2024AGAP01	Luke Agapitus	13.6900	333	1
Namibia	2024AGAP01	Luke Agapitus	14.5200	333	2
Namibia	2024AGAP01	Luke Agapitus	15.1100	333	3
Namibia	2024AGAP01	Luke Agapitus	15.9200	333	4
Namibia	2024AGAP01	Luke Agapitus	16.0300	333	5
Namibia	2024AGAP01	Luke Agapitus	17.3400	333	6
Namibia	2024AGAP01	Luke Agapitus	17.8600	333	7
Namibia	2024AGAP01	Luke Agapitus	18.5300	333	8
Namibia	2025AGAP01	Annabel Agapitus	22.1300	333	9
Namibia	2016MUHR01	Golo Mhr	23.4000	333	10
Nepal	2023GYAW01	Anubhav Gyawali	6.6600	333	1
Nepal	2019BHAT06	Aarbid Bhattarai	7.0400	333	2
Nepal	2019BHAT06	Aarbid Bhattarai	7.0800	333	3
Nepal	2019BHAT06	Aarbid Bhattarai	7.3400	333	4
Nepal	2019BHAT06	Aarbid Bhattarai	7.4000	333	5
Nepal	2019BHAT06	Aarbid Bhattarai	7.4600	333	6
Nepal	2017ARYA01	Serene Aryal	7.5700	333	7
Nepal	2019BHAT06	Aarbid Bhattarai	7.6000	333	8
Nepal	2017NGAK01	Salon Ngakhushi	7.6500	333	9
Nepal	2016SHRE05	Surav Krishna Shrestha	7.7300	333	10
Netherlands	2018DULL01	Twan Dullemond	4.3800	333	1
Netherlands	2018DULL01	Twan Dullemond	4.5900	333	2
Netherlands	2018DULL01	Twan Dullemond	4.6300	333	3
Netherlands	2016SMUL01	Mika Smulders	4.6400	333	4
Netherlands	2022TEUN01	Robin Teune	4.6700	333	5
Netherlands	2012PATE01	Antonie Paterakis	4.7000	333	6
Netherlands	2012PATE01	Antonie Paterakis	4.7000	333	6
Netherlands	2018DULL01	Twan Dullemond	4.7000	333	7
Netherlands	2007VALK01	Mats Valk	4.7400	333	8
Netherlands	2018DULL01	Twan Dullemond	4.7500	333	9
Netherlands	2018DULL01	Twan Dullemond	4.7600	333	10
New Zealand	2019RAMO05	Dwyane Ramos	4.5400	333	1
New Zealand	2018MURR03	Jasper Murray	4.5800	333	2
New Zealand	2014MILL04	Chris Mills	4.5900	333	3
New Zealand	2014MILL04	Chris Mills	4.5900	333	3
New Zealand	2014MILL04	Chris Mills	4.7600	333	4
New Zealand	2014MILL04	Chris Mills	4.7600	333	4
New Zealand	2014MILL04	Chris Mills	4.8000	333	5
New Zealand	2014MILL04	Chris Mills	4.8000	333	5
New Zealand	2014MILL04	Chris Mills	4.8100	333	6
New Zealand	2014MILL04	Chris Mills	4.8100	333	6
New Zealand	2018MURR03	Jasper Murray	4.8500	333	7
New Zealand	2018MURR03	Jasper Murray	4.8800	333	8
New Zealand	2018MURR03	Jasper Murray	4.9300	333	9
New Zealand	2018MATY02	Adrien Auvray Matyn	4.9700	333	10
Nicaragua	2023KINL02	Roberto Icaza Kinloch	11.0800	333	1
Nicaragua	2023KINL02	Roberto Icaza Kinloch	11.1300	333	2
Nicaragua	2023KINL02	Roberto Icaza Kinloch	11.2700	333	3
Nicaragua	2015CHEV01	Dylan Rene Centeno Chevez	11.3500	333	4
Nicaragua	2015CHEV01	Dylan Rene Centeno Chevez	11.3900	333	5
Nicaragua	2015CHEV01	Dylan Rene Centeno Chevez	11.5300	333	6
Nicaragua	2023KINL02	Roberto Icaza Kinloch	11.6600	333	7
Nicaragua	2015CHEV01	Dylan Rene Centeno Chevez	11.7000	333	8
Nicaragua	2015CHEV01	Dylan Rene Centeno Chevez	11.8800	333	9
Nicaragua	2015CHEV01	Dylan Rene Centeno Chevez	11.9200	333	10
Nigeria	2022OKOR01	David Okoro-Sokoh	7.1700	333	1
Nigeria	2022OKOR01	David Okoro-Sokoh	7.3800	333	2
Nigeria	2019SAMU06	Ayooluwa Samuel Dada	7.3800	333	3
Nigeria	2019SAMU06	Ayooluwa Samuel Dada	7.6000	333	4
Nigeria	2022DAVI30	Atobatele Oreoluwapo David	7.6200	333	5
Nigeria	2019SAMU06	Ayooluwa Samuel Dada	7.7500	333	6
Nigeria	2019SAMU06	Ayooluwa Samuel Dada	7.8100	333	7
Nigeria	2019SAMU06	Ayooluwa Samuel Dada	8.1100	333	8
Nigeria	2016AHME07	Sadiq Ahmed	8.1900	333	9
Nigeria	2016AHME07	Sadiq Ahmed	8.1900	333	10
North Macedonia	2018DUKL01	Aleksandar Dukleski	6.4800	333	1
North Macedonia	2018CHES02	Gjorgji Cheshmedjievski	6.8100	333	2
North Macedonia	2018CHES02	Gjorgji Cheshmedjievski	6.9300	333	3
North Macedonia	2018DUKL01	Aleksandar Dukleski	7.0000	333	4
North Macedonia	2018DUKL01	Aleksandar Dukleski	7.0700	333	5
North Macedonia	2018DUKL01	Aleksandar Dukleski	7.1300	333	6
North Macedonia	2018CHES02	Gjorgji Cheshmedjievski	7.4200	333	7
North Macedonia	2018DUKL01	Aleksandar Dukleski	7.4500	333	8
North Macedonia	2018DUKL01	Aleksandar Dukleski	7.4600	333	9
North Macedonia	2018DUKL01	Aleksandar Dukleski	7.6000	333	10
Norway	2015LARS04	Kim Roger Haraldsen	4.1500	333	1
Norway	2015LARS04	Kim Roger Haraldsen	4.1900	333	2
Norway	2015LARS04	Kim Roger Haraldsen	4.4300	333	3
Norway	2015LARS04	Kim Roger Haraldsen	4.4800	333	4
Norway	2015LARS04	Kim Roger Haraldsen	4.5100	333	5
Norway	2015LARS04	Kim Roger Haraldsen	4.5300	333	6
Norway	2015LARS04	Kim Roger Haraldsen	4.5400	333	7
Norway	2015LARS04	Kim Roger Haraldsen	4.5500	333	8
Norway	2015LARS04	Kim Roger Haraldsen	4.5800	333	9
Norway	2015LARS04	Kim Roger Haraldsen	4.6000	333	10
Oman	2019SAID03	Mohammed Al Said	7.9700	333	1
Oman	2019SAID03	Mohammed Al Said	8.0900	333	2
Oman	2019SAID03	Mohammed Al Said	8.1700	333	3
Oman	2023TAQI02	Zaid Taqi	8.2700	333	4
Oman	2023TAQI02	Zaid Taqi	8.2900	333	5
Oman	2019SAID03	Mohammed Al Said	8.2900	333	6
Oman	2019SAID03	Mohammed Al Said	8.2900	333	7
Oman	2019SAID03	Mohammed Al Said	8.4000	333	8
Oman	2023TAQI02	Zaid Taqi	8.4700	333	9
Oman	2019SAID03	Mohammed Al Said	8.4800	333	10
Pakistan	2018AAMI02	Muhammad Haris Aamir	5.4300	333	1
Pakistan	2018IMTI01	Muhammad Saleh Imtiaz	6.0800	333	2
Pakistan	2018AAMI02	Muhammad Haris Aamir	6.4700	333	3
Pakistan	2018IMTI01	Muhammad Saleh Imtiaz	6.5100	333	4
Pakistan	2018IMTI01	Muhammad Saleh Imtiaz	6.7000	333	5
Pakistan	2018IMTI01	Muhammad Saleh Imtiaz	6.9200	333	6
Pakistan	2018AAMI02	Muhammad Haris Aamir	6.9700	333	7
Pakistan	2018IMTI01	Muhammad Saleh Imtiaz	6.9900	333	8
Pakistan	2018IMTI01	Muhammad Saleh Imtiaz	7.0100	333	9
Pakistan	2018IMTI01	Muhammad Saleh Imtiaz	7.1200	333	10
Palestine	2019TIRO01	Adam Tiro	6.4000	333	1
Palestine	2019TIRO01	Adam Tiro	6.4100	333	2
Palestine	2019TIRO01	Adam Tiro	6.6800	333	3
Palestine	2019TIRO01	Adam Tiro	7.0000	333	4
Palestine	2019TIRO01	Adam Tiro	7.0500	333	5
Palestine	2019TIRO01	Adam Tiro	7.2400	333	6
Palestine	2019TIRO01	Adam Tiro	7.4200	333	7
Palestine	2019TIRO01	Adam Tiro	7.4400	333	8
Palestine	2019TIRO01	Adam Tiro	7.4500	333	9
Palestine	2019TIRO01	Adam Tiro	7.5200	333	10
Panama	2024MONT23	David Montenegro	5.9800	333	1
Panama	2024MONT23	David Montenegro	6.2400	333	2
Panama	2024MONT23	David Montenegro	6.7600	333	3
Panama	2024MONT23	David Montenegro	7.0900	333	4
Panama	2023ARRO02	Omar Arrocha	7.4500	333	5
Panama	2024MONT23	David Montenegro	7.5000	333	6
Panama	2024MONT23	David Montenegro	7.6100	333	7
Panama	2024MONT23	David Montenegro	7.7200	333	8
Panama	2018HERN42	Miguel ngel Hernndez	7.7200	333	9
Panama	2018HERN42	Miguel ngel Hernndez	7.7600	333	10
Papua New Guinea	2018TEKW02	Joshua Tekwie	9.8100	333	1
Papua New Guinea	2018TEKW02	Joshua Tekwie	10.2200	333	2
Papua New Guinea	2018TEKW02	Joshua Tekwie	10.3800	333	3
Papua New Guinea	2018TEKW02	Joshua Tekwie	11.2000	333	4
Papua New Guinea	2018TEKW02	Joshua Tekwie	11.5900	333	5
Papua New Guinea	2018TEKW02	Joshua Tekwie	11.8000	333	6
Papua New Guinea	2018TEKW02	Joshua Tekwie	12.1100	333	7
Papua New Guinea	2018TEKW02	Joshua Tekwie	12.4100	333	8
Papua New Guinea	2018TEKW02	Joshua Tekwie	12.5500	333	9
Papua New Guinea	2018TEKW02	Joshua Tekwie	12.6500	333	10
Paraguay	2022CACE02	Kenji Julin Cceres Matsumoto	5.3700	333	1
Paraguay	2022CACE02	Kenji Julin Cceres Matsumoto	6.0900	333	2
Paraguay	2021LOPE05	Martin Alejandro Bentez Lpez	6.1300	333	3
Paraguay	2023VILL11	Elas Villamayor	6.2700	333	4
Paraguay	2022CACE02	Kenji Julin Cceres Matsumoto	6.3000	333	5
Paraguay	2021LOPE05	Martin Alejandro Bentez Lpez	6.3500	333	6
Paraguay	2022CACE02	Kenji Julin Cceres Matsumoto	6.4500	333	7
Paraguay	2022CACE02	Kenji Julin Cceres Matsumoto	6.7300	333	8
Paraguay	2022CACE02	Kenji Julin Cceres Matsumoto	6.8000	333	9
Paraguay	2022CACE02	Kenji Julin Cceres Matsumoto	6.8900	333	10
Peru	2022NUNE01	Robert Yomi Cadenas Nuez	4.6500	333	1
Peru	2019MAGU04	Jose Antonio Cuipal Maguia	4.7100	333	2
Peru	2022NUNE01	Robert Yomi Cadenas Nuez	4.7200	333	3
Peru	2019MAGU04	Jose Antonio Cuipal Maguia	5.0700	333	4
Peru	2022NUNE01	Robert Yomi Cadenas Nuez	5.1300	333	5
Peru	2019MAGU04	Jose Antonio Cuipal Maguia	5.1800	333	6
Peru	2022NUNE01	Robert Yomi Cadenas Nuez	5.1900	333	7
Peru	2022NUNE01	Robert Yomi Cadenas Nuez	5.2300	333	8
Peru	2022AGUI03	Mateo Aguirre	5.2900	333	9
Peru	2019MAGU04	Jose Antonio Cuipal Maguia	5.4200	333	10
Philippines	2017WONG01	Brenton Angelo Lo Wong	3.8400	333	1
Philippines	2017WONG01	Brenton Angelo Lo Wong	3.9200	333	2
Philippines	2017VILL41	Sean Patrick Villanueva	4.1100	333	3
Philippines	2015BORR01	Leo Borromeo	4.1400	333	4
Philippines	2017WONG01	Brenton Angelo Lo Wong	4.2800	333	5
Philippines	2017VILL41	Sean Patrick Villanueva	4.2800	333	6
Philippines	2015BORR01	Leo Borromeo	4.3100	333	7
Philippines	2015BORR01	Leo Borromeo	4.3600	333	8
Philippines	2018LITI01	Toby Litiatco	4.4000	333	9
Philippines	2017WONG01	Brenton Angelo Lo Wong	4.4200	333	10
Poland	2016KOLA02	Tymon Kolasiski	3.6600	333	1
Poland	2016KOLA02	Tymon Kolasiski	3.6700	333	2
Poland	2016KOLA02	Tymon Kolasiski	3.7100	333	3
Poland	2016KOLA02	Tymon Kolasiski	3.7800	333	4
Poland	2016KOLA02	Tymon Kolasiski	3.7900	333	5
Poland	2016KOLA02	Tymon Kolasiski	3.8200	333	6
Poland	2016KOLA02	Tymon Kolasiski	3.8500	333	7
Poland	2016KOLA02	Tymon Kolasiski	3.9200	333	8
Poland	2016KOLA02	Tymon Kolasiski	3.9200	333	9
Poland	2022MARC05	Radosaw Marcinek	3.9600	333	10
Portugal	2022MACH15	Afonso Cludio Machado	5.5100	333	1
Portugal	2022MACH15	Afonso Cludio Machado	5.6700	333	2
Portugal	2023MORA20	Tiago Morais	5.8400	333	3
Portugal	2023MORA20	Tiago Morais	5.9400	333	4
Portugal	2015CARA03	Afonso Carapeto	6.1100	333	5
Portugal	2022MACH15	Afonso Cludio Machado	6.5000	333	6
Portugal	2018AZEV03	Pedro Azevedo	6.5300	333	7
Portugal	2023FERN28	Gabriel Dias Barahona Fernandes	6.6600	333	8
Portugal	2022MACH15	Afonso Cludio Machado	6.6800	333	9
Portugal	2018AZEV03	Pedro Azevedo	6.6900	333	10
Qatar	2022AWAK01	Karim Awa	20.0900	333	1
Qatar	2022AWAK01	Karim Awa	21.5200	333	2
Qatar	2023ALAN06	Mashael Al-Ansari	24.6200	333	3
Qatar	2024ALSA08	Mohamed Al-Sada	26.4300	333	4
Qatar	2023ALAN05	Ali Al-Ansari	45.4500	333	5
Romania	2021CHEL01	Ianis Costin Chele	4.0700	333	1
Romania	2019STEL01	Serban Stelian	4.2800	333	2
Romania	2021CHEL01	Ianis Costin Chele	4.4900	333	3
Romania	2021CHEL01	Ianis Costin Chele	4.6000	333	4
Romania	2021CHEL01	Ianis Costin Chele	4.6200	333	5
Romania	2021CHEL01	Ianis Costin Chele	4.7200	333	6
Romania	2021CHEL01	Ianis Costin Chele	4.7200	333	7
Romania	2022RADU01	Andrei-Traian Rdu	4.7500	333	8
Romania	2023DINE06	George Dinescu	4.7700	333	9
Romania	2021CHEL01	Ianis Costin Chele	4.8400	333	10
Russia	2019TARA09	Timofei Tarasenko	3.7200	333	1
Russia	2017TSVE02	Alexey Tsvetkov	3.9500	333	2
Russia	2017TSVE02	Alexey Tsvetkov	4.2400	333	3
Russia	2019TARA09	Timofei Tarasenko	4.2400	333	4
Russia	2019TARA09	Timofei Tarasenko	4.2800	333	5
Russia	2015CHEA01	Andrey Che	4.3400	333	6
Russia	2019TARA09	Timofei Tarasenko	4.4600	333	7
Russia	2017TSVE02	Alexey Tsvetkov	4.5300	333	8
Russia	2017TSVE02	Alexey Tsvetkov	4.5500	333	9
Russia	2017TSVE02	Alexey Tsvetkov	4.6000	333	10
Rwanda	2023HABO01	Imanzi Habonimana	12.3200	333	1
Rwanda	2023HABO01	Imanzi Habonimana	12.8400	333	2
Rwanda	2023HABO01	Imanzi Habonimana	12.9800	333	3
Rwanda	2023HABO01	Imanzi Habonimana	13.6500	333	4
Rwanda	2023HABO01	Imanzi Habonimana	14.5300	333	5
Rwanda	2023HABO01	Imanzi Habonimana	15.1000	333	6
Rwanda	2024HABO01	Imena Habonimana	19.0000	333	7
Rwanda	2024HABO01	Imena Habonimana	28.8700	333	8
Saint Kitts and Nevis	2018JACO10	Lucas Jacobs	12.3000	333	1
Saint Kitts and Nevis	2018JACO10	Lucas Jacobs	12.3000	333	1
Saint Kitts and Nevis	2018JACO10	Lucas Jacobs	12.4900	333	2
Saint Kitts and Nevis	2018JACO10	Lucas Jacobs	12.4900	333	2
Saint Kitts and Nevis	2018JACO10	Lucas Jacobs	13.3600	333	3
Saint Kitts and Nevis	2018JACO10	Lucas Jacobs	13.3600	333	3
Saint Kitts and Nevis	2018JACO10	Lucas Jacobs	13.6100	333	4
Saint Kitts and Nevis	2018JACO10	Lucas Jacobs	13.6100	333	4
Saint Kitts and Nevis	2018JACO10	Lucas Jacobs	13.7600	333	5
Saint Kitts and Nevis	2018JACO10	Lucas Jacobs	13.7600	333	5
Saint Kitts and Nevis	2024DARY03	Kian Daryani	15.4800	333	6
Saint Kitts and Nevis	2018JACO10	Lucas Jacobs	15.7800	333	7
Saint Kitts and Nevis	2018JACO10	Lucas Jacobs	15.7800	333	7
Saint Kitts and Nevis	2018JACO10	Lucas Jacobs	15.8500	333	8
Saint Kitts and Nevis	2018JACO10	Lucas Jacobs	15.8500	333	8
Saint Kitts and Nevis	2018JACO10	Lucas Jacobs	16.9300	333	9
Saint Kitts and Nevis	2018JACO10	Lucas Jacobs	16.9300	333	9
Saint Kitts and Nevis	2018JACO10	Lucas Jacobs	18.3900	333	10
Saint Kitts and Nevis	2018JACO10	Lucas Jacobs	18.3900	333	10
Saint Lucia	2024EVAN02	Shervy Evans	15.8800	333	1
Saint Lucia	2024EVAN02	Shervy Evans	16.1300	333	2
Saint Lucia	2024EVAN02	Shervy Evans	16.7100	333	3
Saint Lucia	2024EVAN02	Shervy Evans	16.8800	333	4
Saint Lucia	2024EVAN02	Shervy Evans	17.5700	333	5
Saint Lucia	2024EVAN02	Shervy Evans	17.6000	333	6
Saint Lucia	2024EVAN02	Shervy Evans	18.3300	333	7
Saint Lucia	2024EVAN02	Shervy Evans	18.4300	333	8
Saint Lucia	2024EVAN02	Shervy Evans	18.6400	333	9
Saint Lucia	2024EVAN02	Shervy Evans	19.3800	333	10
Samoa	2015TAFU01	Oliver Tafunai	27.0500	333	1
Samoa	2023MULI01	Alosina Mulipola	33.5900	333	2
San Marino	2024SELV01	Leonardo Selva	23.2200	333	1
Saudi Arabia	2023ALAS01	Hussain Alasiri	7.7300	333	1
Saudi Arabia	2023ALKH01	Zaynab Alkhalifa	9.4700	333	2
Saudi Arabia	2024ALHA03	Khaled Al-Hathlool	9.4900	333	3
Saudi Arabia	2023ALME15	Malek Almendeel	9.5800	333	4
Saudi Arabia	2023ALKH01	Zaynab Alkhalifa	9.5900	333	5
Saudi Arabia	2023ALRA01	Ali Zakaria Alramadan	9.6600	333	6
Saudi Arabia	2023ALME15	Malek Almendeel	9.7200	333	7
Saudi Arabia	2023ALRA01	Ali Zakaria Alramadan	9.8000	333	8
Saudi Arabia	2017ALDR01	Nawaf Aldrees	9.8300	333	9
Saudi Arabia	2024ALHA03	Khaled Al-Hathlool	9.8900	333	10
Senegal	2023DIAL01	Amy-Coll Diallo	27.1100	333	1
Senegal	2014NIAN01	Pape Amady Niang	33.0400	333	2
Senegal	2023DIAL01	Amy-Coll Diallo	37.4400	333	3
Senegal	2014NIAN01	Pape Amady Niang	73.1600	333	4
Serbia	2017MARC22	Matej Marok	5.5700	333	1
Serbia	2018SEBE01	Stefan ebez	5.9100	333	2
Serbia	2017MARC22	Matej Marok	6.0000	333	3
Serbia	2017MARC22	Matej Marok	6.1600	333	4
Serbia	2017MARC22	Matej Marok	6.2800	333	5
Serbia	2017MARC22	Matej Marok	6.2800	333	6
Serbia	2017MARC22	Matej Marok	6.3900	333	7
Serbia	2018SEBE01	Stefan ebez	6.3900	333	8
Serbia	2017MARC22	Matej Marok	6.4600	333	9
Serbia	2017MARC22	Matej Marok	6.4900	333	10
Singapore	2019ZHEN04	Deng Zhengping	4.8500	333	1
Singapore	2022KAOE01	Emmanuel Kao	4.9700	333	2
Singapore	2018TENG01	Ng Yong Teng	5.1400	333	3
Singapore	2022JIED01	Darius Soh Zi Jie	5.2300	333	4
Singapore	2018TENG01	Ng Yong Teng	5.2800	333	5
Singapore	2016YONG02	Tristan Chua Yong	5.3200	333	6
Singapore	2022SUSA02	Jovan Susanto	5.3300	333	7
Singapore	2019ZHEN04	Deng Zhengping	5.3500	333	8
Singapore	2022KAOE01	Emmanuel Kao	5.3600	333	9
Singapore	2016YONG02	Tristan Chua Yong	5.4300	333	10
Slovakia	2020FRAT02	Adam Frtrik	5.1100	333	1
Slovakia	2015MAJE01	Marek Majerik	5.3000	333	2
Slovakia	2016KUGL01	Oliver Kugler	5.5300	333	3
Slovakia	2020FRAT02	Adam Frtrik	5.5900	333	4
Slovakia	2016ZATR01	Tom Zatroch	5.5900	333	5
Slovakia	2019BORO03	imon Borovsk	5.6100	333	6
Slovakia	2016ZATR01	Tom Zatroch	5.7700	333	7
Slovakia	2020FRAT02	Adam Frtrik	5.8000	333	8
Slovakia	2016DROB01	Jakub Drobn	5.8300	333	9
Slovakia	2016ZATR01	Tom Zatroch	5.8300	333	10
Slovenia	2022BERC01	Taiyo Beri	4.9500	333	1
Slovenia	2022BERC01	Taiyo Beri	5.7000	333	2
Slovenia	2022BERC01	Taiyo Beri	5.8000	333	3
Slovenia	2014ZUPA01	Sta Zupanc	5.8400	333	4
Slovenia	2023VIDI02	Oskar Vidiek	5.9300	333	5
Slovenia	2022BERC01	Taiyo Beri	6.0000	333	6
Slovenia	2022BERC01	Taiyo Beri	6.0300	333	7
Slovenia	2014ZUPA01	Sta Zupanc	6.0600	333	8
Slovenia	2023VIDI02	Oskar Vidiek	6.0700	333	9
Slovenia	2022BERC01	Taiyo Beri	6.1600	333	10
Somalia	2019JAMA04	Mubarak Ali Jama	56.7000	333	1
South Africa	2018RUSH01	Daniel Rush	4.8600	333	1
South Africa	2018RUSH01	Daniel Rush	4.8700	333	2
South Africa	2018RUSH01	Daniel Rush	5.0400	333	3
South Africa	2018RUSH01	Daniel Rush	5.0600	333	4
South Africa	2021SWAR01	Christian Swartz	5.1300	333	5
South Africa	2018RUSH01	Daniel Rush	5.2400	333	6
South Africa	2018RUSH01	Daniel Rush	5.3000	333	7
South Africa	2018RUSH01	Daniel Rush	5.3200	333	8
South Africa	2018RUSH01	Daniel Rush	5.3500	333	9
South Africa	2018RUSH01	Daniel Rush	5.3700	333	10
Spain	2017KRAS05	Lorenzo Escobar Kraskouskaya	4.6700	333	1
Spain	2017KRAS05	Lorenzo Escobar Kraskouskaya	4.8100	333	2
Spain	2017KRAS05	Lorenzo Escobar Kraskouskaya	4.9900	333	3
Spain	2015GONZ08	Biel Salmons Gonzalez	4.9900	333	4
Spain	2017KRAS05	Lorenzo Escobar Kraskouskaya	5.1700	333	5
Spain	2015ANTO04	Manuel Prieto de Antn	5.1800	333	6
Spain	2010GARC02	Carlos Mndez Garca-Barroso	5.2200	333	7
Spain	2010GARC02	Carlos Mndez Garca-Barroso	5.2400	333	8
Spain	2017KRAS05	Lorenzo Escobar Kraskouskaya	5.2500	333	9
Spain	2017KRAS05	Lorenzo Escobar Kraskouskaya	5.2700	333	10
Sri Lanka	2019KUMA59	Sujan Irosha Kumarapperuma	6.7900	333	1
Sri Lanka	2019KUMA59	Sujan Irosha Kumarapperuma	7.1200	333	2
Sri Lanka	2019KUMA59	Sujan Irosha Kumarapperuma	7.2200	333	3
Sri Lanka	2019KUMA59	Sujan Irosha Kumarapperuma	7.3700	333	4
Sri Lanka	2019KUMA59	Sujan Irosha Kumarapperuma	7.5000	333	5
Sri Lanka	2022NIYA01	Nabhan Niyaz	7.5900	333	6
Sri Lanka	2019KUMA59	Sujan Irosha Kumarapperuma	7.6400	333	7
Sri Lanka	2021KORA01	Ryan Koralalage	7.6400	333	8
Sri Lanka	2019KUMA59	Sujan Irosha Kumarapperuma	7.6800	333	9
Sri Lanka	2019KUMA59	Sujan Irosha Kumarapperuma	7.7300	333	10
Sudan	2024MOHA07	Mohamed Kamal Siddig Mohamed	12.3400	333	1
Sudan	2019AHME02	Abdulrahman Ahmed	14.0400	333	2
Sudan	2024SAMI02	Samir Ahmed Samir	14.9800	333	3
Sudan	2018JAMA04	Zainab Abo Jamal	15.3400	333	4
Sudan	2018JAMA04	Zainab Abo Jamal	17.4400	333	5
Sudan	2024MOHA07	Mohamed Kamal Siddig Mohamed	17.8700	333	6
Sudan	2024SAMI02	Samir Ahmed Samir	17.9200	333	7
Sudan	2024SAAD03	Hamdan Mohamed Hamdan Saad	19.2800	333	8
Sudan	2019AHME02	Abdulrahman Ahmed	20.0500	333	9
Sudan	2024SAAD03	Hamdan Mohamed Hamdan Saad	23.7000	333	10
Suriname	2016LIUC01	Carmen Liu	9.4900	333	1
Suriname	2016LIUC01	Carmen Liu	9.7800	333	2
Suriname	2016LIUC01	Carmen Liu	10.9500	333	3
Suriname	2016LIUC01	Carmen Liu	11.3000	333	4
Suriname	2016LIUC01	Carmen Liu	11.7400	333	5
Suriname	2016LIUC01	Carmen Liu	11.9900	333	6
Suriname	2016LIUC01	Carmen Liu	12.1900	333	7
Suriname	2016LIUC01	Carmen Liu	12.2600	333	8
Suriname	2016LIUC01	Carmen Liu	12.2900	333	9
Suriname	2016LIUC01	Carmen Liu	12.7500	333	10
Sweden	2016THOR08	Elvin Thorsen	4.5800	333	1
Sweden	2022IVAR01	Ludwig Ivarsson	4.6000	333	2
Sweden	2016THOR08	Elvin Thorsen	4.8100	333	3
Sweden	2022SCHE13	Emanuel Schelin	4.8400	333	4
Sweden	2022IVAR01	Ludwig Ivarsson	4.9700	333	5
Sweden	2022SCHE13	Emanuel Schelin	5.0700	333	6
Sweden	2022ALPS01	Emil Alpsten	5.0700	333	7
Sweden	2022SJOG01	Leo Sjgren	5.1000	333	8
Sweden	2016JENS09	William Jensen	5.1200	333	9
Sweden	2013WALL03	Daniel Wallin	5.1500	333	10
Switzerland	2022ROBI05	Eden Robinson-Rechavi	4.5600	333	1
Switzerland	2022ROBI05	Eden Robinson-Rechavi	4.5600	333	1
Switzerland	2015DELA05	Richard Delacoste	4.6300	333	2
Switzerland	2022ROBI05	Eden Robinson-Rechavi	4.7000	333	3
Switzerland	2022ROBI05	Eden Robinson-Rechavi	4.7000	333	3
Switzerland	2022ROBI05	Eden Robinson-Rechavi	4.7600	333	4
Switzerland	2022ROBI05	Eden Robinson-Rechavi	4.7600	333	4
Switzerland	2015DELA05	Richard Delacoste	4.7800	333	5
Switzerland	2016ROLZ01	Alwin Rlz	4.8600	333	6
Switzerland	2015DELA05	Richard Delacoste	4.9900	333	7
Switzerland	2016ROLZ01	Alwin Rlz	5.0000	333	8
Switzerland	2016ROLZ01	Alwin Rlz	5.1800	333	9
Switzerland	2015DELA05	Richard Delacoste	5.2500	333	10
Syria	2022ALCH01	Ali Ahmad Alchurbaji	6.8800	333	1
Syria	2022ALCH01	Ali Ahmad Alchurbaji	7.3800	333	2
Syria	2022ALCH01	Ali Ahmad Alchurbaji	7.5500	333	3
Syria	2023RIHA01	Taym Rihawi	7.6400	333	4
Syria	2023RIHA01	Taym Rihawi	7.6700	333	5
Syria	2022ALCH01	Ali Ahmad Alchurbaji	7.8400	333	6
Syria	2023RIHA01	Taym Rihawi	8.2900	333	7
Syria	2022ALCH01	Ali Ahmad Alchurbaji	8.5800	333	8
Syria	2023RIHA01	Taym Rihawi	8.6000	333	9
Syria	2022ELME01	Adam Massah	8.7100	333	10
Taiwan	2015WANG09	Kai-Wen Wang	4.1500	333	1
Taiwan	2015WANG09	Kai-Wen Wang	4.2700	333	2
Taiwan	2015WANG09	Kai-Wen Wang	4.3400	333	3
Taiwan	2022KANG06	Hao-Jyun Kang	4.4300	333	4
Taiwan	2012HUAN12	Ping-Yueh Huang	4.6800	333	5
Taiwan	2015WANG09	Kai-Wen Wang	4.7300	333	6
Taiwan	2015WANG09	Kai-Wen Wang	4.7800	333	7
Taiwan	2015WANG09	Kai-Wen Wang	4.7900	333	8
Taiwan	2015WANG09	Kai-Wen Wang	4.8100	333	9
Taiwan	2015WANG09	Kai-Wen Wang	4.8500	333	10
Tajikistan	2019RASU04	Jaloliddin Rasulov	7.7100	333	1
Tajikistan	2017IBRA05	Shukrullo Ibragimov	8.4000	333	2
Tajikistan	2017IBRA05	Shukrullo Ibragimov	8.5600	333	3
Tajikistan	2017IBRA05	Shukrullo Ibragimov	8.9600	333	4
Tajikistan	2017IBRA05	Shukrullo Ibragimov	8.9600	333	5
Tajikistan	2019RASU04	Jaloliddin Rasulov	8.9700	333	6
Tajikistan	2019RASU04	Jaloliddin Rasulov	9.0100	333	7
Tajikistan	2019RASU04	Jaloliddin Rasulov	9.1000	333	8
Tajikistan	2019RASU04	Jaloliddin Rasulov	9.2200	333	9
Tajikistan	2019RASU04	Jaloliddin Rasulov	9.4200	333	10
Tanzania	2025MOHA03	Mohammed Mehdi Hussein Murtaza Mohamedali	15.4600	333	1
Tanzania	2020ABBA02	Muhammad Zaheer Abbas	34.7300	333	2
Tanzania	2024OSMA04	Rehan Osman	40.4700	333	3
Tanzania	2024OSMA04	Rehan Osman	40.5200	333	4
Tanzania	2017WALL06	Agnes Ringia Wallin	120.6500	333	5
Tanzania	2017WALL06	Agnes Ringia Wallin	134.2000	333	6
Tanzania	2017WALL06	Agnes Ringia Wallin	137.3500	333	7
Tanzania	2017WALL06	Agnes Ringia Wallin	142.6300	333	8
Tanzania	2017WALL06	Agnes Ringia Wallin	187.9400	333	9
Tanzania	2017WALL06	Agnes Ringia Wallin	200.0800	333	10
Thailand	2011MAHT02	Natthaphat Mahtani	4.0200	333	1
Thailand	2011MAHT02	Natthaphat Mahtani	4.6400	333	2
Thailand	2015PHUE01	Thada Phuenghua	4.7300	333	3
Thailand	2011MAHT02	Natthaphat Mahtani	4.8800	333	4
Thailand	2011MAHT02	Natthaphat Mahtani	5.0500	333	5
Thailand	2011MAHT02	Natthaphat Mahtani	5.1900	333	6
Thailand	2011MAHT02	Natthaphat Mahtani	5.2000	333	7
Thailand	2011MAHT02	Natthaphat Mahtani	5.2100	333	8
Thailand	2018PARI07	Parist Pariyakanok	5.3000	333	9
Thailand	2011MAHT02	Natthaphat Mahtani	5.3600	333	10
Togo	2018LACL01	Christian Lacle	9.0300	333	1
Togo	2018LACL01	Christian Lacle	9.6400	333	2
Togo	2018LACL01	Christian Lacle	9.8800	333	3
Togo	2018LACL01	Christian Lacle	9.9400	333	4
Togo	2018LACL01	Christian Lacle	10.0900	333	5
Togo	2018LACL01	Christian Lacle	10.1200	333	6
Togo	2018LACL01	Christian Lacle	10.4200	333	7
Togo	2018LACL01	Christian Lacle	10.5600	333	8
Togo	2018LACL01	Christian Lacle	10.6600	333	9
Togo	2018LACL01	Christian Lacle	10.8000	333	10
Tonga	2022FOSI01	Lokani Fosita	18.8300	333	1
Tonga	2022FOSI01	Lokani Fosita	21.4500	333	2
Tonga	2025TAUN01	Sunia Taunga	32.4100	333	3
Tonga	2024LEFA01	Malachy Lefai	66.4100	333	4
Trinidad and Tobago	2022SIRJ01	Zeke Sirju	8.7200	333	1
Trinidad and Tobago	2022SIRJ01	Zeke Sirju	10.2900	333	2
Trinidad and Tobago	2022SIRJ01	Zeke Sirju	10.3000	333	3
Trinidad and Tobago	2022SIRJ01	Zeke Sirju	10.3900	333	4
Trinidad and Tobago	2023HINK02	Jonah Hinkson	10.9400	333	5
Trinidad and Tobago	2022SIRJ01	Zeke Sirju	10.9800	333	6
Trinidad and Tobago	2022SIRJ01	Zeke Sirju	11.1800	333	7
Trinidad and Tobago	2022SIRJ01	Zeke Sirju	11.3300	333	8
Trinidad and Tobago	2022SIRJ01	Zeke Sirju	11.4800	333	9
Trinidad and Tobago	2023HINK02	Jonah Hinkson	11.9200	333	10
Tunisia	2015BOUG02	Emna Boughizane	7.2900	333	1
Tunisia	2015BOUS02	Moez Boussarsar	7.2900	333	2
Tunisia	2016KALL01	Hassen Kallala	7.3200	333	3
Tunisia	2016KALL01	Hassen Kallala	7.3500	333	4
Tunisia	2016KALL01	Hassen Kallala	7.6000	333	5
Tunisia	2016KALL01	Hassen Kallala	7.7200	333	6
Tunisia	2015BOUG02	Emna Boughizane	7.9200	333	7
Tunisia	2016KALL01	Hassen Kallala	7.9700	333	8
Tunisia	2016KALL01	Hassen Kallala	8.0400	333	9
Tunisia	2015BOUG02	Emna Boughizane	8.0400	333	10
Turkey	2018ABLA01	Ahmet nar Ablak	4.7900	333	1
Turkey	2018ABLA01	Ahmet nar Ablak	5.0100	333	2
Turkey	2018ABLA01	Ahmet nar Ablak	5.3100	333	3
Turkey	2018ABLA01	Ahmet nar Ablak	5.3400	333	4
Turkey	2018ABLA01	Ahmet nar Ablak	5.4400	333	5
Turkey	2018ABLA01	Ahmet nar Ablak	5.5100	333	6
Turkey	2018ABLA01	Ahmet nar Ablak	5.5600	333	7
Turkey	2024OZKA02	Ahmet hsan zkan	5.5600	333	8
Turkey	2018ABLA01	Ahmet nar Ablak	5.6600	333	9
Turkey	2018ABLA01	Ahmet nar Ablak	5.6700	333	10
Turkmenistan	2024SAHE01	Samat Sahetmyradov	9.0300	333	1
Turkmenistan	2024SAHE01	Samat Sahetmyradov	9.5500	333	2
Turkmenistan	2024SAHE01	Samat Sahetmyradov	9.7100	333	3
Turkmenistan	2024SAHE01	Samat Sahetmyradov	9.8300	333	4
Turkmenistan	2024SAHE01	Samat Sahetmyradov	9.8700	333	5
Turkmenistan	2024SAHE01	Samat Sahetmyradov	10.0600	333	6
Turkmenistan	2024SAHE01	Samat Sahetmyradov	11.0200	333	7
Turkmenistan	2024SAHE01	Samat Sahetmyradov	11.3500	333	8
Turkmenistan	2024SAHE01	Samat Sahetmyradov	14.0200	333	9
Turkmenistan	2019HAID04	David Haidarov	18.3600	333	10
Uganda	2025AGAB01	Shaun Adriel Agaba	10.8200	333	1
Uganda	2023TTYA01	Ethan Tyaba Kigundu	11.3000	333	2
Uganda	2023TTYA01	Ethan Tyaba Kigundu	11.3400	333	3
Uganda	2023TTYA01	Ethan Tyaba Kigundu	12.1700	333	4
Uganda	2025MUGI01	Jeremiah Okas Mugisa	12.1900	333	5
Uganda	2025AGAB01	Shaun Adriel Agaba	12.2800	333	6
Uganda	2023TTYA01	Ethan Tyaba Kigundu	12.3000	333	7
Uganda	2025MUGI01	Jeremiah Okas Mugisa	12.6600	333	8
Uganda	2023TTYA01	Ethan Tyaba Kigundu	13.3000	333	9
Uganda	2025RAWA02	Sheese Rawat	13.3700	333	10
Ukraine	2014HOLU01	Lev Golub	4.7700	333	1
Ukraine	2017SUKH02	Ihor Sukhovatenko	4.9200	333	2
Ukraine	2016HNID02	Yurii Hnidko	5.0400	333	3
Ukraine	2016HNID02	Yurii Hnidko	5.1600	333	4
Ukraine	2017SUKH02	Ihor Sukhovatenko	5.2000	333	5
Ukraine	2016HNID02	Yurii Hnidko	5.2400	333	6
Ukraine	2014TYTA02	Mykyta Tytar	5.3400	333	7
Ukraine	2017SUKH02	Ihor Sukhovatenko	5.3500	333	8
Ukraine	2023LJUB01	Michael Liubarets	5.3600	333	9
Ukraine	2016HNID02	Yurii Hnidko	5.3700	333	10
United Arab Emirates	2022ABDA02	Nasir Ali Mohammed Dawood Abdalla	7.6400	333	1
United Arab Emirates	2022ABDA02	Nasir Ali Mohammed Dawood Abdalla	8.3700	333	2
United Arab Emirates	2022ABDA02	Nasir Ali Mohammed Dawood Abdalla	8.7300	333	3
United Arab Emirates	2022ABDA02	Nasir Ali Mohammed Dawood Abdalla	8.8600	333	4
United Arab Emirates	2022ABDA02	Nasir Ali Mohammed Dawood Abdalla	8.8600	333	5
United Arab Emirates	2022ABDA02	Nasir Ali Mohammed Dawood Abdalla	8.9800	333	6
United Arab Emirates	2022ABDA02	Nasir Ali Mohammed Dawood Abdalla	9.1900	333	7
United Arab Emirates	2022ABDA02	Nasir Ali Mohammed Dawood Abdalla	9.4500	333	8
United Arab Emirates	2022ABDA02	Nasir Ali Mohammed Dawood Abdalla	10.2800	333	9
United Arab Emirates	2017ALSU01	Khalid Alsuwaidi	10.2900	333	10
United Kingdom	2018GRAI01	Aidan Grainger	3.6900	333	1
United Kingdom	2020BROW01	Jake Brown	3.9100	333	2
United Kingdom	2014MILL04	Chris Mills	4.5900	333	3
United Kingdom	2014MILL04	Chris Mills	4.5900	333	3
United Kingdom	2018ALON07	James Alonso	4.6000	333	4
United Kingdom	2013SAVA01	Harry Savage	4.7300	333	5
United Kingdom	2017CHAM09	Cham J. Chambers	4.7400	333	6
United Kingdom	2014MILL04	Chris Mills	4.7600	333	7
United Kingdom	2014MILL04	Chris Mills	4.7600	333	7
United Kingdom	2018ALON07	James Alonso	4.7700	333	8
United Kingdom	2018ALON07	James Alonso	4.7800	333	9
United Kingdom	2018ALON07	James Alonso	4.8000	333	10
Uruguay	2015PINT04	Irene Pinto	6.0000	333	1
Uruguay	2016BURO02	Rodrigo Burone	6.0300	333	2
Uruguay	2015DIAN02	Agustn Diano	6.4200	333	3
Uruguay	2014LEZA02	Bruno Lezama	6.4400	333	4
Uruguay	2019GALV10	Vctor Glvez	6.7200	333	5
Uruguay	2019MALV01	Manuel Malvrez	6.8000	333	6
Uruguay	2022DUAR02	Santiago Agustn Gomez Duarte	6.8900	333	7
Uruguay	2015DIAN02	Agustn Diano	6.9000	333	8
Uruguay	2015DIAN02	Agustn Diano	7.1500	333	9
Uruguay	2014LEZA02	Bruno Lezama	7.2000	333	10
USA	2012PARK03	Max Park	3.1300	333	1
USA	2016PILA03	Ryan Pilat	3.3400	333	2
USA	2017GARR05	Luke Garrett	3.4400	333	3
USA	2017HUYN05	Aaron Huynh	3.4600	333	4
USA	2017GARR05	Luke Garrett	3.5000	333	5
USA	2016INAB01	Matty Hiroto Inaba	3.5900	333	6
USA	2012PARK03	Max Park	3.6300	333	7
USA	2016PILA03	Ryan Pilat	3.6400	333	8
USA	2022CHEN37	Caleb Chen	3.7100	333	9
USA	2016INAB01	Matty Hiroto Inaba	3.7600	333	10
Uzbekistan	2022ZAFA01	Umidjon Zafarov	5.7200	333	1
Uzbekistan	2022ZAFA01	Umidjon Zafarov	5.9800	333	2
Uzbekistan	2022ZAFA01	Umidjon Zafarov	6.1800	333	3
Uzbekistan	2022ABDU05	Muhammadyusuf Abdumalikov	6.2000	333	4
Uzbekistan	2022ZAFA01	Umidjon Zafarov	6.3500	333	5
Uzbekistan	2022ZAFA01	Umidjon Zafarov	6.3800	333	6
Uzbekistan	2022ZAFA01	Umidjon Zafarov	6.4000	333	7
Uzbekistan	2022ZAFA01	Umidjon Zafarov	6.4100	333	8
Uzbekistan	2022ZAFA01	Umidjon Zafarov	6.5000	333	9
Uzbekistan	2022ZAFA01	Umidjon Zafarov	6.5600	333	10
Venezuela	2018RODR43	Louis Rodriguez	5.8400	333	1
Venezuela	2015TORR12	Bernardo Torres	5.8900	333	2
Venezuela	2014SANC19	Rafael Antonio Sanchez	6.0300	333	3
Venezuela	2018RODR43	Louis Rodriguez	6.1300	333	4
Venezuela	2015TORR12	Bernardo Torres	6.1800	333	5
Venezuela	2015TORR12	Bernardo Torres	6.2100	333	6
Venezuela	2015TORR12	Bernardo Torres	6.2200	333	7
Venezuela	2018RODR43	Louis Rodriguez	6.2400	333	8
Venezuela	2018RODR43	Louis Rodriguez	6.2600	333	9
Venezuela	2015TORR12	Bernardo Torres	6.4000	333	10
Vietnam	2022KHOA09	Phm ng Khoa	4.7200	333	1
Vietnam	2022NAMT03	Trn Hong Bo Nam	4.7400	333	2
Vietnam	2022PHUC01	inh Hu Phc	4.8800	333	3
Vietnam	2022PHUN01	Nguyn Hong Thin Ph	4.8800	333	4
Vietnam	2018PHUO05	Phm c Phc	4.9400	333	5
Vietnam	2019HUNG16	 Quang Hng	5.0700	333	6
Vietnam	2019HUNG16	 Quang Hng	5.0800	333	7
Vietnam	2022PHUN01	Nguyn Hong Thin Ph	5.1600	333	8
Vietnam	2019HUNG16	 Quang Hng	5.1900	333	9
Vietnam	2018TIEN05	Hong H Thy Tin	5.2100	333	10
Yemen	2024ALBA04	Mohammed Badr Albaram	11.1100	333	1
Yemen	2024ALBA04	Mohammed Badr Albaram	12.2300	333	2
Yemen	2024ALBA04	Mohammed Badr Albaram	13.6100	333	3
Yemen	2024ALSH05	Abdullah Hassan Abdulrahman Alshaoor	14.0600	333	4
Yemen	2024ALSH05	Abdullah Hassan Abdulrahman Alshaoor	15.2200	333	5
Yemen	2023ELAM01	Aymen Elamir	17.5500	333	6
Yemen	2023SAIF02	Abdulrahman Saif	17.7100	333	7
Yemen	2023ELAM01	Aymen Elamir	17.7800	333	8
Yemen	2023NAJI01	Husam Fatehi Ahmed Naji	18.3200	333	9
Yemen	2023ELAM01	Aymen Elamir	18.9900	333	10
Zambia	2022MATE05	Temba Mateke	17.1200	333	1
Zambia	2022MATE05	Temba Mateke	17.5200	333	2
Zambia	2025SIKW01	Mwikisa Sikwibele	52.1800	333	3
Zambia	2014TAIL01	Ketan Tailor	74.3400	333	4
Zimbabwe	2022KWAS02	Juniour Kwashira	7.6300	333	1
Zimbabwe	2022KWAS02	Juniour Kwashira	8.0900	333	2
Zimbabwe	2022KWAS02	Juniour Kwashira	9.0800	333	3
Zimbabwe	2022KWAS02	Juniour Kwashira	9.4100	333	4
Zimbabwe	2022KWAS02	Juniour Kwashira	9.8000	333	5
Zimbabwe	2018MAKU02	Joshua T. Makuwa	9.8400	333	6
Zimbabwe	2023NYON01	Aubrey Nyoni	10.0900	333	7
Zimbabwe	2018MAKU02	Joshua T. Makuwa	10.1300	333	8
Zimbabwe	2022KWAS02	Juniour Kwashira	10.2700	333	9
Zimbabwe	2022KWAS02	Juniour Kwashira	10.3500	333	10
